<step title="BackgroundTrace" date="2025-08-24T23:22:42.169" instance="dc7a13" url="/api/zipdeploy" method="POST" >
  <step title="Cleanup Xml Logs" date="2025-08-24T23:22:42.195" /><!-- duration: 47ms -->
  <step title="Creating temporary deployment - FetchDeploymentManager" date="2025-08-24T23:22:42.502" /><!-- duration: 16ms -->
  <step title="Creating temporary deployment" date="2025-08-24T23:22:42.550" /><!-- duration: 283ms -->
  <step title="Performing fetch based deployment" date="2025-08-24T23:22:43.142" >
    <step title="Deployment timer started" date="2025-08-24T23:22:47.379" >
      <step title="DeploymentManager.Deploy(id:48182110-37fd-4301-87d8-576db4c182e0)" date="2025-08-24T23:22:47.396" >
        <step title="Collecting changeset information" date="2025-08-24T23:22:47.451" /><!-- duration: 172ms -->
        <step title="Updating submodules" date="2025-08-24T23:22:47.633" /><!-- duration: 1199ms -->
        <step title="Determining deployment builder" date="2025-08-24T23:22:49.150" >
          <step title="Builder is RunFromZipSiteBuilder" date="2025-08-24T23:22:49.176" /><!-- duration: 14ms -->
        </step><!-- duration: 45ms -->
        <step title="PreDeployment: context.CleanOutputPath False" date="2025-08-24T23:22:49.261" >
          <step title="PreDeployment: context.OutputPath /home/site/wwwroot" date="2025-08-24T23:22:49.413" >
            <step title="Building" date="2025-08-24T23:22:49.717" >
              <step title="Triggering recycle (preview mode disabled)." date="2025-08-24T23:22:50.356" /><!-- duration: 10ms -->
              <step title="Modified file to trigger a restart of the app container." date="2025-08-24T23:22:50.408" /><!-- duration: 5ms -->
              <step title="Skip function trigger and logicapp sync because function is not enabled." date="2025-08-24T23:22:50.437" /><!-- duration: 19ms -->
            </step><!-- duration: 2058ms -->
          </step><!-- duration: 2380ms -->
          <step title="Cleaning up temp files" date="2025-08-24T23:22:51.798" /><!-- duration: 7ms -->
          <step title="Cleaning up temp files" date="2025-08-24T23:22:51.818" /><!-- duration: 510ms -->
          <step title="Reloading status file with latest updates" date="2025-08-24T23:22:52.386" >
            <step title="WebHooksManager.PublishEventAsync: PostDeployment" date="2025-08-24T23:22:52.393" /><!-- duration: 92ms -->
          </step><!-- duration: 104ms -->
          <step title="Cleaning up temporary deployment - fetch deployment was successful" date="2025-08-24T23:22:52.501" /><!-- duration: 5ms -->
        </step><!-- duration: 3343ms -->
      </step><!-- duration: 5239ms -->
