<step title="BackgroundTrace" date="2025-08-22T08:41:17.991" instance="dc7a13" url="/api/zipdeploy" method="POST" >
  <step title="Cleanup Xml Logs" date="2025-08-22T08:41:18.012" /><!-- duration: 36ms -->
  <step title="Creating temporary deployment - FetchDeploymentManager" date="2025-08-22T08:41:18.310" /><!-- duration: 36ms -->
  <step title="Creating temporary deployment" date="2025-08-22T08:41:18.433" /><!-- duration: 301ms -->
  <step title="Performing fetch based deployment" date="2025-08-22T08:41:19.104" >
    <step title="Cleaning up temp folders from previous zip deployments and extracting pushed zip file /tmp/zipdeploy/e3bfc9d4-013f-4ed0-9d9c-258fb1eb44dd.zip (27.66 MB) to /tmp/zipdeploy/extracted" date="2025-08-22T08:41:20.741" >
      <step title="ChmodRecursive Process exited with total time taken in ms: 194" date="2025-08-22T08:41:26.021" /><!-- duration: 47ms -->
    </step><!-- duration: 5353ms -->
    <step title="Deployment timer started" date="2025-08-22T08:41:28.168" >
      <step title="DeploymentManager.Deploy(id:d9c696c1-436f-4722-8eef-171b4110a8ab)" date="2025-08-22T08:41:28.196" >
        <step title="Collecting changeset information" date="2025-08-22T08:41:28.325" /><!-- duration: 196ms -->
        <step title="Updating submodules" date="2025-08-22T08:41:28.569" /><!-- duration: 1341ms -->
        <step title="Determining deployment builder" date="2025-08-22T08:41:30.375" >
          <step title="Builder is BasicBuilder" date="2025-08-22T08:41:30.472" /><!-- duration: 48ms -->
        </step><!-- duration: 184ms -->
        <step title="PreDeployment: context.CleanOutputPath False" date="2025-08-22T08:41:30.760" >
          <step title="PreDeployment: context.OutputPath /home/site/wwwroot" date="2025-08-22T08:41:31.329" >
            <step title="Building" date="2025-08-22T08:41:31.632" >
              <step title="Executing external process" date="2025-08-22T08:41:32.468" type="process" path="starter.sh" arguments="/opt/Kudu/Scripts/parallel_rsync.sh /tmp/zipdeploy/extracted /home/site/wwwroot 8 /tmp/ False True  " >
                <step title="Process dump" date="2025-08-22T08:41:49.386" exitCode="123" type="processOutput" /><!-- duration: 57ms -->
              </step><!-- duration: 16981ms -->
              <step title="Error occurred" date="2025-08-22T08:41:49.516" type="error" text="rsync: [generator] recv_generator: failed to stat &quot;/home/site/wwwroot/cs\Microsoft.CodeAnalysis.CSharp.resources.dll&quot;: Invalid argument (22)
rsync: [generator] recv_generator: failed to stat &quot;/home/site/wwwroot/es\Microsoft.CodeAnalysis.resources.dll&quot;: Invalid argument (22)
rsync: [generator] recv_generator: failed to stat &quot;/home/site/wwwroot/fr\Microsoft.CodeAnalysis.resources.dll&quot;: Invalid argument (22)
rsync: [generator] recv_generator: failed to stat &quot;/home/site/wwwroot/ja\Microsoft.CodeAnalysis.CSharp.resources.dll&quot;: Invalid argument (22)
rsync: [generator] recv_generator: failed to stat &quot;/home/site/wwwroot/pl\Microsoft.CodeAnalysis.CSharp.resources.dll&quot;: Invalid argument (22)
rsync: [generator] recv_generator: failed to stat &quot;/home/site/wwwroot/pt-BR\Microsoft.CodeAnalysis.CSharp.Workspaces.resources.dll&quot;: Invalid argument (22)
rsync: [generator] recv_generator: failed to stat &quot;/home/site/wwwroot/pt-BR\Microsoft.CodeAnalysis.Workspaces.resources.dll&quot;: Invalid argument (22)
rsync: [generator] recv_generator: failed to stat &quot;/home/site/wwwroot/tr\Microsoft.CodeAnalysis.Workspaces.resources.dll&quot;: Invalid argument (22)
rsync: [generator] recv_generator: failed to stat &quot;/home/site/wwwroot/tr\Microsoft.CodeAnalysis.resources.dll&quot;: Invalid argument (22)
rsync: [generator] recv_generator: failed to stat &quot;/home/site/wwwroot/zh-Hans\Microsoft.CodeAnalysis.CSharp.resources.dll&quot;: Invalid argument (22)
rsync: [generator] recv_generator: failed to stat &quot;/home/site/wwwroot/zh-Hant\Microsoft.CodeAnalysis.CSharp.Workspaces.resources.dll&quot;: Invalid argument (22)
rsync: [generator] recv_generator: failed to stat &quot;/home/site/wwwroot/zh-Hant\Microsoft.CodeAnalysis.resources.dll&quot;: Invalid argument (22)
rsync error: some files/attrs were not transferred (see previous errors) (code 23) at main.c(1338) [sender=3.2.7]
rsync: [generator] recv_generator: failed to stat &quot;/home/site/wwwroot/de\Microsoft.CodeAnalysis.CSharp.Workspaces.resources.dll&quot;: Invalid argument (22)
rsync: [generator] recv_generator: failed to stat &quot;/home/site/wwwroot/fr\Microsoft.CodeAnalysis.Workspaces.resources.dll&quot;: Invalid argument (22)
rsync: [generator] recv_generator: failed to stat &quot;/home/site/wwwroot/it\Microsoft.CodeAnalysis.CSharp.resources.dll&quot;: Invalid argument (22)
rsync: [generator] recv_generator: failed to stat &quot;/home/site/wwwroot/ja\Microsoft.CodeAnalysis.Workspaces.resources.dll&quot;: Invalid argument (22)
rsync: [generator] recv_generator: failed to stat &quot;/home/site/wwwroot/logs\security-20250801.json&quot;: Invalid argument (22)
rsync: [generator] recv_generator: failed to stat &quot;/home/site/wwwroot/pl\Microsoft.CodeAnalysis.Workspaces.resources.dll&quot;: Invalid argument (22)
rsync: [generator] recv_generator: failed to stat &quot;/home/site/wwwroot/pl\Microsoft.CodeAnalysis.resources.dll&quot;: Invalid argument (22)
rsync: [generator] recv_generator: failed to stat &quot;/home/site/wwwroot/pt-BR\Microsoft.CodeAnalysis.CSharp.resources.dll&quot;: Invalid argument (22)
rsync: [generator] recv_generator: failed to stat &quot;/home/site/wwwroot/runtimes\linux-mips64\native\libe_sqlite3.so&quot;: Invalid argument (22)
rsync: [generator] recv_generator: failed to stat &quot;/home/site/wwwroot/runtimes\osx-x64\native\libe_sqlite3.dylib&quot;: Invalid argument (22)
rsync: [generator] recv_generator: failed to stat &quot;/home/site/wwwroot/runtimes\win-arm64\native\e_sqlite3.dll&quot;: Invalid argument (22)
rsync: [generator] recv_generator: failed to stat &quot;/home/site/wwwroot/tr\Microsoft.CodeAnalysis.CSharp.resources.dll&quot;: Invalid argument (22)
rsync: [generator] recv_generator: failed to stat &quot;/home/site/wwwroot/zh-Hans\Microsoft.CodeAnalysis.resources.dll&quot;: Invalid argument (22)
rsync: [generator] recv_generator: failed to stat &quot;/home/site/wwwroot/cs\Microsoft.CodeAnalysis.resources.dll&quot;: Invalid argument (22)
rsync: [generator] recv_generator: failed to stat &quot;/home/site/wwwroot/de\Microsoft.CodeAnalysis.resources.dll&quot;: Invalid argument (22)
rsync: [generator] recv_generator: failed to stat &quot;/home/site/wwwroot/es\Microsoft.CodeAnalysis.Workspaces.resources.dll&quot;: Invalid argument (22)
rsync: [generator] recv_generator: failed to stat &quot;/home/site/wwwroot/fr\Microsoft.CodeAnalysis.CSharp.Workspaces.resources.dll&quot;: Invalid argument (22)
rsync: [generator] recv_generator: failed to stat &quot;/home/site/wwwroot/ko\Microsoft.CodeAnalysis.Workspaces.resources.dll&quot;: Invalid argument (22)
rsync: [generator] recv_generator: failed to stat &quot;/home/site/wwwroot/logs\security-20250819.json&quot;: Invalid argument (22)
rsync: [generator] recv_generator: failed to stat &quot;/home/site/wwwroot/runtimes\linux-arm64\native\libe_sqlite3.so&quot;: Invalid argument (22)
rsync: [generator] recv_generator: failed to stat &quot;/home/site/wwwroot/runtimes\linux-armel\native\libe_sqlite3.so&quot;: Invalid argument (22)
rsync: [generator] recv_generator: failed to stat &quot;/home/site/wwwroot/runtimes\linux-ppc64le\native\libe_sqlite3.so&quot;: Invalid argument (22)
rsync: [generator] recv_generator: failed to stat &quot;/home/site/wwwroot/runtimes\linux-s390x\native\libe_sqlite3.so&quot;: Invalid argument (22)
rsync: [generator] recv_generator: failed to stat &quot;/home/site/wwwroot/runtimes\linux-x64\native\libe_sqlite3.so&quot;: Invalid argument (22)
rsync: [generator] recv_generator: failed to stat &quot;/home/site/wwwroot/runtimes\maccatalyst-arm64\native\libe_sqlite3.dylib&quot;: Invalid argument (22)
rsync: [generator] recv_generator: failed to stat &quot;/home/site/wwwroot/runtimes\win-arm\native\e_sqlite3.dll&quot;: Invalid argument (22)
rsync: [generator] recv_generator: failed to stat &quot;/home/site/wwwroot/zh-Hant\Microsoft.CodeAnalysis.Workspaces.resources.dll&quot;: Invalid argument (22)
rsync: [generator] recv_generator: failed to stat &quot;/home/site/wwwroot/de\Microsoft.CodeAnalysis.CSharp.resources.dll&quot;: Invalid argument (22)
rsync: [generator] recv_generator: failed to stat &quot;/home/site/wwwroot/de\Microsoft.CodeAnalysis.Workspaces.resources.dll&quot;: Invalid argument (22)
rsync: [generator] recv_generator: failed to stat &quot;/home/site/wwwroot/es\Microsoft.CodeAnalysis.CSharp.resources.dll&quot;: Invalid argument (22)
rsync: [generator] recv_generator: failed to stat &quot;/home/site/wwwroot/ja\Microsoft.CodeAnalysis.resources.dll&quot;: Invalid argument (22)
rsync: [generator] recv_generator: failed to stat &quot;/home/site/wwwroot/ko\Microsoft.CodeAnalysis.CSharp.Workspaces.resources.dll&quot;: Invalid argument (22)
rsync: [generator] recv_generator: failed to stat &quot;/home/site/wwwroot/logs\security-20250818.json&quot;: Invalid argument (22)
rsync: [generator] recv_generator: failed to stat &quot;/home/site/wwwroot/pl\Microsoft.CodeAnalysis.CSharp.Workspaces.resources.dll&quot;: Invalid argument (22)
rsync: [generator] recv_generator: failed to stat &quot;/home/site/wwwroot/runtimes\browser-wasm\nativeassets\net8.0\e_sqlite3.a&quot;: Invalid argument (22)
rsync: [generator] recv_generator: failed to stat &quot;/home/site/wwwroot/runtimes\browser\lib\net8.0\System.Text.Encodings.Web.dll&quot;: Invalid argument (22)
rsync: [generator] recv_generator: failed to stat &quot;/home/site/wwwroot/runtimes\linux-x86\native\libe_sqlite3.so&quot;: Invalid argument (22)
rsync: [generator] recv_generator: failed to stat &quot;/home/site/wwwroot/runtimes\win-x64\native\e_sqlite3.dll&quot;: Invalid argument (22)
rsync: [generator] recv_generator: failed to stat &quot;/home/site/wwwroot/zh-Hans\Microsoft.CodeAnalysis.CSharp.Workspaces.resources.dll&quot;: Invalid argument (22)
rsync: [generator] recv_generator: failed to stat &quot;/home/site/wwwroot/fr\Microsoft.CodeAnalysis.CSharp.resources.dll&quot;: Invalid argument (22)
rsync: [generator] recv_generator: failed to stat &quot;/home/site/wwwroot/it\Microsoft.CodeAnalysis.CSharp.Workspaces.resources.dll&quot;: Invalid argument (22)
rsync: [generator] recv_generator: failed to stat &quot;/home/site/wwwroot/it\Microsoft.CodeAnalysis.Workspaces.resources.dll&quot;: Invalid argument (22)
rsync: [generator] recv_generator: failed to stat &quot;/home/site/wwwroot/ko\Microsoft.CodeAnalysis.CSharp.resources.dll&quot;: Invalid argument (22)
rsync: [generator] recv_generator: failed to stat &quot;/home/site/wwwroot/logs\security-20250807.json&quot;: Invalid argument (22)
rsync: [generator] recv_generator: failed to stat &quot;/home/site/wwwroot/logs\security-20250820.json&quot;: Invalid argument (22)
rsync: [generator] recv_generator: failed to stat &quot;/home/site/wwwroot/ru\Microsoft.CodeAnalysis.CSharp.resources.dll&quot;: Invalid argument (22)
rsync: [generator] recv_generator: failed to stat &quot;/home/site/wwwroot/runtimes\linux-musl-arm64\native\libe_sqlite3.so&quot;: Invalid argument (22)
rsync: [generator] recv_generator: failed to stat &quot;/home/site/wwwroot/zh-Hant\Microsoft.CodeAnalysis.CSharp.resources.dll&quot;: Invalid argument (22)
rsync: [generator] recv_generator: failed to stat &quot;/home/site/wwwroot/es\Microsoft.CodeAnalysis.CSharp.Workspaces.resources.dll&quot;: Invalid argument (22)
rsync: [generator] recv_generator: failed to stat &quot;/home/site/wwwroot/ko\Microsoft.CodeAnalysis.resources.dll&quot;: Invalid argument (22)
rsync: [generator] recv_generator: failed to stat &quot;/home/site/wwwroot/logs\security-20250804.json&quot;: Invalid argument (22)
rsync: [generator] recv_generator: failed to stat &quot;/home/site/wwwroot/pt-BR\Microsoft.CodeAnalysis.resources.dll&quot;: Invalid argument (22)
rsync: [generator] recv_generator: failed to stat &quot;/home/site/wwwroot/runtimes\linux-musl-x64\native\libe_sqlite3.so&quot;: Invalid argument (22)
rsync: [generator] recv_generator: failed to stat &quot;/home/site/wwwroot/runtimes\win-x86\native\e_sqlite3.dll&quot;: Invalid argument (22)
rsync error: some files/attrs were not transferred (see previous errors) (code 23) at main.c(1338) [sender=3.2.7]
rsync: [generator] recv_generator: failed to stat &quot;/home/site/wwwroot/it\Microsoft.CodeAnalysis.resources.dll&quot;: Invalid argument (22)
rsync: [generator] recv_generator: failed to stat &quot;/home/site/wwwroot/logs\security-20250805.json&quot;: Invalid argument (22)
rsync: [generator] recv_generator: failed to stat &quot;/home/site/wwwroot/ru\Microsoft.CodeAnalysis.Workspaces.resources.dll&quot;: Invalid argument (22)
rsync: [generator] recv_generator: failed to stat &quot;/home/site/wwwroot/runtimes\osx-arm64\native\libe_sqlite3.dylib&quot;: Invalid argument (22)
rsync: [generator] recv_generator: failed to stat &quot;/home/site/wwwroot/tr\Microsoft.CodeAnalysis.CSharp.Workspaces.resources.dll&quot;: Invalid argument (22)
rsync error: some files/attrs were not transferred (see previous errors) (code 23) at main.c(1338) [sender=3.2.7]
rsync error: some files/attrs were not transferred (see previous errors) (code 23) at main.c(1338) [sender=3.2.7]
rsync: [generator] recv_generator: failed to stat &quot;/home/site/wwwroot/cs\Microsoft.CodeAnalysis.CSharp.Workspaces.resources.dll&quot;: Invalid argument (22)
rsync: [generator] recv_generator: failed to stat &quot;/home/site/wwwroot/cs\Microsoft.CodeAnalysis.Workspaces.resources.dll&quot;: Invalid argument (22)
rsync: [generator] recv_generator: failed to stat &quot;/home/site/wwwroot/ja\Microsoft.CodeAnalysis.CSharp.Workspaces.resources.dll&quot;: Invalid argument (22)
rsync: [generator] recv_generator: failed to stat &quot;/home/site/wwwroot/logs\security-20250808.json&quot;: Invalid argument (22)
rsync: [generator] recv_generator: failed to stat &quot;/home/site/wwwroot/ru\Microsoft.CodeAnalysis.CSharp.Workspaces.resources.dll&quot;: Invalid argument (22)
rsync: [generator] recv_generator: failed to stat &quot;/home/site/wwwroot/ru\Microsoft.CodeAnalysis.resources.dll&quot;: Invalid argument (22)
rsync: [generator] recv_generator: failed to stat &quot;/home/site/wwwroot/runtimes\linux-arm\native\libe_sqlite3.so&quot;: Invalid argument (22)
rsync: [generator] recv_generator: failed to stat &quot;/home/site/wwwroot/runtimes\linux-musl-arm\native\libe_sqlite3.so&quot;: Invalid argument (22)
rsync: [generator] recv_generator: failed to stat &quot;/home/site/wwwroot/runtimes\maccatalyst-x64\native\libe_sqlite3.dylib&quot;: Invalid argument (22)
rsync: [generator] recv_generator: failed to stat &quot;/home/site/wwwroot/zh-Hans\Microsoft.CodeAnalysis.Workspaces.resources.dll&quot;: Invalid argument (22)
rsync: [generator] recv_generator: failed to stat &quot;/home/site/wwwroot/cs\Microsoft.CodeAnalysis.CSharp.resources.dll&quot;: Invalid argument (22)
rsync: [generator] recv_generator: failed to stat &quot;/home/site/wwwroot/es\Microsoft.CodeAnalysis.resources.dll&quot;: Invalid argument (22)
rsync: [generator] recv_generator: failed to stat &quot;/home/site/wwwroot/fr\Microsoft.CodeAnalysis.resources.dll&quot;: Invalid argument (22)
rsync: [generator] recv_generator: failed to stat &quot;/home/site/wwwroot/ja\Microsoft.CodeAnalysis.CSharp.resources.dll&quot;: Invalid argument (22)
rsync: [generator] recv_generator: failed to stat &quot;/home/site/wwwroot/pl\Microsoft.CodeAnalysis.CSharp.resources.dll&quot;: Invalid argument (22)
rsync: [generator] recv_generator: failed to stat &quot;/home/site/wwwroot/pt-BR\Microsoft.CodeAnalysis.CSharp.Workspaces.resources.dll&quot;: Invalid argument (22)
rsync: [generator] recv_generator: failed to stat &quot;/home/site/wwwroot/pt-BR\Microsoft.CodeAnalysis.Workspaces.resources.dll&quot;: Invalid argument (22)
rsync: [generator] recv_generator: failed to stat &quot;/home/site/wwwroot/tr\Microsoft.CodeAnalysis.Workspaces.resources.dll&quot;: Invalid argument (22)
rsync: [generator] recv_generator: failed to stat &quot;/home/site/wwwroot/tr\Microsoft.CodeAnalysis.resources.dll&quot;: Invalid argument (22)
rsync: [generator] recv_generator: failed to stat &quot;/home/site/wwwroot/zh-Hans\Microsoft.CodeAnalysis.CSharp.resources.dll&quot;: Invalid argument (22)
rsync: [generator] recv_generator: failed to stat &quot;/home/site/wwwroot/zh-Hant\Microsoft.CodeAnalysis.CSharp.Workspaces.resources.dll&quot;: Invalid argument (22)
rsync: [generator] recv_generator: failed to stat &quot;/home/site/wwwroot/zh-Hant\Microsoft.CodeAnalysis.resources.dll&quot;: Invalid argument (22)
rsync error: some files/attrs were not transferred (see previous errors) (code 23) at main.c(1338) [sender=3.2.7]
rsync error: some files/attrs were not transferred (see previous errors) (code 23) at main.c(1338) [sender=3.2.7]
rsync error: some files/attrs were not transferred (see previous errors) (code 23) at main.c(1338) [sender=3.2.7]
rsync error: some files/attrs were not transferred (see previous errors) (code 23) at main.c(1338) [sender=3.2.7]
rsync error: some files/attrs were not transferred (see previous errors) (code 23) at main.c(1338) [sender=3.2.7]
rsync: [generator] recv_generator: failed to stat &quot;/home/site/wwwroot/fr\Microsoft.CodeAnalysis.CSharp.resources.dll&quot;: Invalid argument (22)
rsync: [generator] recv_generator: failed to stat &quot;/home/site/wwwroot/it\Microsoft.CodeAnalysis.CSharp.Workspaces.resources.dll&quot;: Invalid argument (22)
rsync: [generator] recv_generator: failed to stat &quot;/home/site/wwwroot/it\Microsoft.CodeAnalysis.Workspaces.resources.dll&quot;: Invalid argument (22)
rsync: [generator] recv_generator: failed to stat &quot;/home/site/wwwroot/ko\Microsoft.CodeAnalysis.CSharp.resources.dll&quot;: Invalid argument (22)
rsync: [generator] recv_generator: failed to stat &quot;/home/site/wwwroot/logs\security-20250807.json&quot;: Invalid argument (22)
rsync: [generator] recv_generator: failed to stat &quot;/home/site/wwwroot/logs\security-20250820.json&quot;: Invalid argument (22)
rsync: [generator] recv_generator: failed to stat &quot;/home/site/wwwroot/ru\Microsoft.CodeAnalysis.CSharp.resources.dll&quot;: Invalid argument (22)
rsync: [generator] recv_generator: failed to stat &quot;/home/site/wwwroot/runtimes\linux-musl-arm64\native\libe_sqlite3.so&quot;: Invalid argument (22)
rsync: [generator] recv_generator: failed to stat &quot;/home/site/wwwroot/zh-Hant\Microsoft.CodeAnalysis.CSharp.resources.dll&quot;: Invalid argument (22)
rsync error: some files/attrs were not transferred (see previous errors) (code 23) at main.c(1338) [sender=3.2.7]
rsync: [generator] recv_generator: failed to stat &quot;/home/site/wwwroot/de\Microsoft.CodeAnalysis.CSharp.resources.dll&quot;: Invalid argument (22)
rsync: [generator] recv_generator: failed to stat &quot;/home/site/wwwroot/de\Microsoft.CodeAnalysis.Workspaces.resources.dll&quot;: Invalid argument (22)
rsync: [generator] recv_generator: failed to stat &quot;/home/site/wwwroot/es\Microsoft.CodeAnalysis.CSharp.resources.dll&quot;: Invalid argument (22)
rsync: [generator] recv_generator: failed to stat &quot;/home/site/wwwroot/ja\Microsoft.CodeAnalysis.resources.dll&quot;: Invalid argument (22)
rsync: [generator] recv_generator: failed to stat &quot;/home/site/wwwroot/ko\Microsoft.CodeAnalysis.CSharp.Workspaces.resources.dll&quot;: Invalid argument (22)
rsync: [generator] recv_generator: failed to stat &quot;/home/site/wwwroot/logs\security-20250818.json&quot;: Invalid argument (22)
rsync: [generator] recv_generator: failed to stat &quot;/home/site/wwwroot/pl\Microsoft.CodeAnalysis.CSharp.Workspaces.resources.dll&quot;: Invalid argument (22)
rsync: [generator] recv_generator: failed to stat &quot;/home/site/wwwroot/runtimes\browser-wasm\nativeassets\net8.0\e_sqlite3.a&quot;: Invalid argument (22)
rsync: [generator] recv_generator: failed to stat &quot;/home/site/wwwroot/runtimes\browser\lib\net8.0\System.Text.Encodings.Web.dll&quot;: Invalid argument (22)
rsync: [generator] recv_generator: failed to stat &quot;/home/site/wwwroot/runtimes\linux-x86\native\libe_sqlite3.so&quot;: Invalid argument (22)
rsync: [generator] recv_generator: failed to stat &quot;/home/site/wwwroot/runtimes\win-x64\native\e_sqlite3.dll&quot;: Invalid argument (22)
rsync: [generator] recv_generator: failed to stat &quot;/home/site/wwwroot/zh-Hans\Microsoft.CodeAnalysis.CSharp.Workspaces.resources.dll&quot;: Invalid argument (22)
rsync: [generator] recv_generator: failed to stat &quot;/home/site/wwwroot/de\Microsoft.CodeAnalysis.CSharp.Workspaces.resources.dll&quot;: Invalid argument (22)
rsync: [generator] recv_generator: failed to stat &quot;/home/site/wwwroot/fr\Microsoft.CodeAnalysis.Workspaces.resources.dll&quot;: Invalid argument (22)
rsync: [generator] recv_generator: failed to stat &quot;/home/site/wwwroot/it\Microsoft.CodeAnalysis.CSharp.resources.dll&quot;: Invalid argument (22)
rsync: [generator] recv_generator: failed to stat &quot;/home/site/wwwroot/ja\Microsoft.CodeAnalysis.Workspaces.resources.dll&quot;: Invalid argument (22)
rsync: [generator] recv_generator: failed to stat &quot;/home/site/wwwroot/logs\security-20250801.json&quot;: Invalid argument (22)
rsync: [generator] recv_generator: failed to stat &quot;/home/site/wwwroot/pl\Microsoft.CodeAnalysis.Workspaces.resources.dll&quot;: Invalid argument (22)
rsync: [generator] recv_generator: failed to stat &quot;/home/site/wwwroot/pl\Microsoft.CodeAnalysis.resources.dll&quot;: Invalid argument (22)
rsync: [generator] recv_generator: failed to stat &quot;/home/site/wwwroot/pt-BR\Microsoft.CodeAnalysis.CSharp.resources.dll&quot;: Invalid argument (22)
rsync: [generator] recv_generator: failed to stat &quot;/home/site/wwwroot/runtimes\linux-mips64\native\libe_sqlite3.so&quot;: Invalid argument (22)
rsync: [generator] recv_generator: failed to stat &quot;/home/site/wwwroot/runtimes\osx-x64\native\libe_sqlite3.dylib&quot;: Invalid argument (22)
rsync: [generator] recv_generator: failed to stat &quot;/home/site/wwwroot/runtimes\win-arm64\native\e_sqlite3.dll&quot;: Invalid argument (22)
rsync: [generator] recv_generator: failed to stat &quot;/home/site/wwwroot/tr\Microsoft.CodeAnalysis.CSharp.resources.dll&quot;: Invalid argument (22)
rsync: [generator] recv_generator: failed to stat &quot;/home/site/wwwroot/zh-Hans\Microsoft.CodeAnalysis.resources.dll&quot;: Invalid argument (22)
rsync: [generator] recv_generator: failed to stat &quot;/home/site/wwwroot/cs\Microsoft.CodeAnalysis.resources.dll&quot;: Invalid argument (22)
rsync: [generator] recv_generator: failed to stat &quot;/home/site/wwwroot/de\Microsoft.CodeAnalysis.resources.dll&quot;: Invalid argument (22)
rsync: [generator] recv_generator: failed to stat &quot;/home/site/wwwroot/es\Microsoft.CodeAnalysis.Workspaces.resources.dll&quot;: Invalid argument (22)
rsync: [generator] recv_generator: failed to stat &quot;/home/site/wwwroot/fr\Microsoft.CodeAnalysis.CSharp.Workspaces.resources.dll&quot;: Invalid argument (22)
rsync: [generator] recv_generator: failed to stat &quot;/home/site/wwwroot/ko\Microsoft.CodeAnalysis.Workspaces.resources.dll&quot;: Invalid argument (22)
rsync: [generator] recv_generator: failed to stat &quot;/home/site/wwwroot/logs\security-20250819.json&quot;: Invalid argument (22)
rsync: [generator] recv_generator: failed to stat &quot;/home/site/wwwroot/runtimes\linux-arm64\native\libe_sqlite3.so&quot;: Invalid argument (22)
rsync: [generator] recv_generator: failed to stat &quot;/home/site/wwwroot/runtimes\linux-armel\native\libe_sqlite3.so&quot;: Invalid argument (22)
rsync: [generator] recv_generator: failed to stat &quot;/home/site/wwwroot/runtimes\linux-ppc64le\native\libe_sqlite3.so&quot;: Invalid argument (22)
rsync: [generator] recv_generator: failed to stat &quot;/home/site/wwwroot/runtimes\linux-s390x\native\libe_sqlite3.so&quot;: Invalid argument (22)
rsync: [generator] recv_generator: failed to stat &quot;/home/site/wwwroot/runtimes\linux-x64\native\libe_sqlite3.so&quot;: Invalid argument (22)
rsync: [generator] recv_generator: failed to stat &quot;/home/site/wwwroot/runtimes\maccatalyst-arm64\native\libe_sqlite3.dylib&quot;: Invalid argument (22)
rsync: [generator] recv_generator: failed to stat &quot;/home/site/wwwroot/runtimes\win-arm\native\e_sqlite3.dll&quot;: Invalid argument (22)
rsync: [generator] recv_generator: failed to stat &quot;/home/site/wwwroot/zh-Hant\Microsoft.CodeAnalysis.Workspaces.resources.dll&quot;: Invalid argument (22)
rsync: [generator] recv_generator: failed to stat &quot;/home/site/wwwroot/it\Microsoft.CodeAnalysis.resources.dll&quot;: Invalid argument (22)
rsync: [generator] recv_generator: failed to stat &quot;/home/site/wwwroot/logs\security-20250805.json&quot;: Invalid argument (22)
rsync: [generator] recv_generator: failed to stat &quot;/home/site/wwwroot/ru\Microsoft.CodeAnalysis.Workspaces.resources.dll&quot;: Invalid argument (22)
rsync: [generator] recv_generator: failed to stat &quot;/home/site/wwwroot/runtimes\osx-arm64\native\libe_sqlite3.dylib&quot;: Invalid argument (22)
rsync: [generator] recv_generator: failed to stat &quot;/home/site/wwwroot/tr\Microsoft.CodeAnalysis.CSharp.Workspaces.resources.dll&quot;: Invalid argument (22)
rsync: [generator] recv_generator: failed to stat &quot;/home/site/wwwroot/es\Microsoft.CodeAnalysis.CSharp.Workspaces.resources.dll&quot;: Invalid argument (22)
rsync: [generator] recv_generator: failed to stat &quot;/home/site/wwwroot/ko\Microsoft.CodeAnalysis.resources.dll&quot;: Invalid argument (22)
rsync: [generator] recv_generator: failed to stat &quot;/home/site/wwwroot/logs\security-20250804.json&quot;: Invalid argument (22)
rsync: [generator] recv_generator: failed to stat &quot;/home/site/wwwroot/pt-BR\Microsoft.CodeAnalysis.resources.dll&quot;: Invalid argument (22)
rsync: [generator] recv_generator: failed to stat &quot;/home/site/wwwroot/runtimes\linux-musl-x64\native\libe_sqlite3.so&quot;: Invalid argument (22)
rsync: [generator] recv_generator: failed to stat &quot;/home/site/wwwroot/runtimes\win-x86\native\e_sqlite3.dll&quot;: Invalid argument (22)
rsync: [generator] recv_generator: failed to stat &quot;/home/site/wwwroot/cs\Microsoft.CodeAnalysis.CSharp.Workspaces.resources.dll&quot;: Invalid argument (22)
rsync: [generator] recv_generator: failed to stat &quot;/home/site/wwwroot/cs\Microsoft.CodeAnalysis.Workspaces.resources.dll&quot;: Invalid argument (22)
rsync: [generator] recv_generator: failed to stat &quot;/home/site/wwwroot/ja\Microsoft.CodeAnalysis.CSharp.Workspaces.resources.dll&quot;: Invalid argument (22)
rsync: [generator] recv_generator: failed to stat &quot;/home/site/wwwroot/logs\security-20250808.json&quot;: Invalid argument (22)
rsync: [generator] recv_generator: failed to stat &quot;/home/site/wwwroot/ru\Microsoft.CodeAnalysis.CSharp.Workspaces.resources.dll&quot;: Invalid argument (22)
rsync: [generator] recv_generator: failed to stat &quot;/home/site/wwwroot/ru\Microsoft.CodeAnalysis.resources.dll&quot;: Invalid argument (22)
rsync: [generator] recv_generator: failed to stat &quot;/home/site/wwwroot/runtimes\linux-arm\native\libe_sqlite3.so&quot;: Invalid argument (22)
rsync: [generator] recv_generator: failed to stat &quot;/home/site/wwwroot/runtimes\linux-musl-arm\native\libe_sqlite3.so&quot;: Invalid argument (22)
rsync: [generator] recv_generator: failed to stat &quot;/home/site/wwwroot/runtimes\maccatalyst-x64\native\libe_sqlite3.dylib&quot;: Invalid argument (22)
rsync: [generator] recv_generator: failed to stat &quot;/home/site/wwwroot/zh-Hans\Microsoft.CodeAnalysis.Workspaces.resources.dll&quot;: Invalid argument (22)
rsync error: some files/attrs were not transferred (see previous errors) (code 23) at main.c(1338) [sender=3.2.7]
rsync error: some files/attrs were not transferred (see previous errors) (code 23) at main.c(1338) [sender=3.2.7]
rsync error: some files/attrs were not transferred (see previous errors) (code 23) at main.c(1338) [sender=3.2.7]
rsync error: some files/attrs were not transferred (see previous errors) (code 23) at main.c(1338) [sender=3.2.7]
rsync error: some files/attrs were not transferred (see previous errors) (code 23) at main.c(1338) [sender=3.2.7]
rsync error: some files/attrs were not transferred (see previous errors) (code 23) at main.c(1338) [sender=3.2.7]
/opt/Kudu/Scripts/starter.sh /opt/Kudu/Scripts/parallel_rsync.sh /tmp/zipdeploy/extracted /home/site/wwwroot 8 /tmp/ False True  " stackTrace="   at Kudu.Core.Infrastructure.Executable.ExecuteInternal(ITracer tracer, Func`2 onWriteOutput, Func`2 onWriteError, CancellationToken token, Encoding encoding, String arguments, Object[] args) in /tmp/KuduLite/Kudu.Core/Infrastructure/Executable.cs:line 239
   at Kudu.Core.Infrastructure.Executable.ExecuteWithProgressWriter(ILogger logger, ITracer tracer, CancellationToken token, String arguments, Object[] args) in /tmp/KuduLite/Kudu.Core/Infrastructure/Executable.cs:line 118
   at Kudu.Core.Deployment.Generator.ExternalCommandBuilder.RunCommand(DeploymentContext context, String command, Boolean ignoreManifest, CancellationToken token, String message) in /tmp/KuduLite/Kudu.Core/Deployment/Generator/ExternalCommandBuilder.cs:line 122" /><!-- duration: 23ms -->
              <step title="Warning" date="2025-08-22T08:41:49.580" type="warning" text="Exception in parallel rsync: ExitCode: 123, Output: Run rsync from: /tmp/zipdeploy/extracted/ to: /home/site/wwwroot/ in 8 parallel threads
Delete options: clean=False, use manifest=True, directory to ignore=
Prev manifest = /opt/Kudu/Scripts/firstDeploymentManifest and next /home/site/deployments/d9c696c1-436f-4722-8eef-171b4110a8ab/manifest
Cleaning up /tmp//filelist.txt and /tmp//splits
Creating a list of all files at /tmp//filelist.txt
No directory to exclude.
Created /tmp//filelist.txt. Total number of files to be synced = 170.
Created batches from the list of files. Processing 22 files in each thread
Running rsync for filelist /tmp//splits/split.aa from /tmp/zipdeploy/extracted/ to /home/site/wwwroot/
Running rsync for filelist /tmp//splits/split.ab from /tmp/zipdeploy/extracted/ to /home/site/wwwroot/
Running rsync for filelist /tmp//splits/split.ac from /tmp/zipdeploy/extracted/ to /home/site/wwwroot/
Running rsync for filelist /tmp//splits/split.ad from /tmp/zipdeploy/extracted/ to /home/site/wwwroot/
Running rsync for filelist /tmp//splits/split.ae from /tmp/zipdeploy/extracted/ to /home/site/wwwroot/
Running rsync for filelist /tmp//splits/split.af from /tmp/zipdeploy/extracted/ to /home/site/wwwroot/
Running rsync for filelist /tmp//splits/split.ag from /tmp/zipdeploy/extracted/ to /home/site/wwwroot/
Running rsync for filelist /tmp//splits/split.ah from /tmp/zipdeploy/extracted/ to /home/site/wwwroot/

Number of files: 22 (reg: 22)
Number of created files: 0
Number of deleted files: 0
Number of regular files transferred: 0
Total file size: 8.39M bytes
Total transferred file size: 0 bytes
Literal data: 0 bytes
Matched data: 0 bytes
File list size: 0
File list generation time: 0.135 seconds
File list transfer time: 0.000 seconds
Total bytes sent: 1.22K
Total bytes received: 46

sent 1.22K bytes  received 46 bytes  2.53K bytes/sec
total size is 8.39M  speedup is 6,618.25
Attempt 1: Rsync for filelist /tmp//splits/split.aa completed with exit code 23

Number of files: 22 (reg: 22)
Number of created files: 0
Number of deleted files: 0
Number of regular files transferred: 0
Total file size: 9.75M bytes
Total transferred file size: 0 bytes
Literal data: 0 bytes
Matched data: 0 bytes
File list size: 0
File list generation time: 0.139 seconds
File list transfer time: 0.000 seconds
Total bytes sent: 1.20K
Total bytes received: 43

sent 1.20K bytes  received 43 bytes  2.48K bytes/sec
total size is 9.75M  speedup is 7,872.88
Attempt 1: Rsync for filelist /tmp//splits/split.ac completed with exit code 23

Number of files: 22 (reg: 22)
Number of created files: 0
Number of deleted files: 0
Number of regular files transferred: 0
Total file size: 7.71M bytes
Total transferred file size: 0 bytes
Literal data: 0 bytes
Matched data: 0 bytes
File list size: 0
File list generation time: 0.149 seconds
File list transfer time: 0.000 seconds
Total bytes sent: 1.16K
Total bytes received: 46

sent 1.16K bytes  received 46 bytes  2.41K bytes/sec
total size is 7.71M  speedup is 6,401.44

Number of files: 22 (reg: 22)
Number of created files: 0
Number of deleted files: 0
Number of regular files transferred: 0
Total file size: 20.67M bytes
Total transferred file size: 0 bytes
Literal data: 0 bytes
Matched data: 0 bytes
File list size: 0
File list generation time: 0.181 seconds
File list transfer time: 0.000 seconds
Total bytes sent: 1.15K
Total bytes received: 40

sent 1.15K bytes  received 40 bytes  2.38K bytes/sec
total size is 20.67M  speedup is 17,352.82

Number of files: 22 (reg: 22)
Number of created files: 0
Number of deleted files: 0
Number of regular files transferred: 0
Total file size: 7.76M bytes
Total transferred file size: 0 bytes
Literal data: 0 bytes
Matched data: 0 bytes
File list size: 0
File list generation time: 0.104 seconds
File list transfer time: 0.000 seconds
Total bytes sent: 1.11K
Total bytes received: 55

sent 1.11K bytes  received 55 bytes  2.34K bytes/sec
total size is 7.76M  speedup is 6,635.82
Attempt 1: Rsync for filelist /tmp//splits/split.af completed with exit code 23

Number of files: 16 (reg: 16)
Number of created files: 0
Number of deleted files: 0
Number of regular files transferred: 0
Total file size: 3.78M bytes
Total transferred file size: 0 bytes
Literal data: 0 bytes
Matched data: 0 bytes
File list size: 0
File list generation time: 0.132 seconds
File list transfer time: 0.000 seconds
Total bytes sent: 769
Total bytes received: 46

sent 769 bytes  received 46 bytes  1.63K bytes/sec
total size is 3.78M  speedup is 4,637.95
Attempt 1: Rsync for filelist /tmp//splits/split.ah completed with exit code 23
Attempt 1: Rsync for filelist /tmp//splits/split.ad completed with exit code 23
Attempt 1: Rsync for filelist /tmp//splits/split.ae completed with exit code 23

Number of files: 22 (reg: 22)
Number of created files: 0
Number of deleted files: 0
Number of regular files transferred: 0
Total file size: 13.53M bytes
Total transferred file size: 0 bytes
Literal data: 0 bytes
Matched data: 0 bytes
File list size: 0
File list generation time: 0.086 seconds
File list transfer time: 0.000 seconds
Total bytes sent: 1.13K
Total bytes received: 52

sent 1.13K bytes  received 52 bytes  787.33 bytes/sec
total size is 13.53M  speedup is 11,459.41
Attempt 1: Rsync for filelist /tmp//splits/split.ag completed with exit code 23

Number of files: 22 (reg: 22)
Number of created files: 0
Number of deleted files: 0
Number of regular files transferred: 0
Total file size: 6.83M bytes
Total transferred file size: 0 bytes
Literal data: 0 bytes
Matched data: 0 bytes
File list size: 0
File list generation time: 0.012 seconds
File list transfer time: 0.000 seconds
Total bytes sent: 1.08K
Total bytes received: 67

sent 1.08K bytes  received 67 bytes  764.67 bytes/sec
total size is 6.83M  speedup is 5,950.38
Attempt 1: Rsync for filelist /tmp//splits/split.ab completed with exit code 23

Number of files: 22 (reg: 22)
Number of created files: 0
Number of deleted files: 0
Number of regular files transferred: 0
Total file size: 8.39M bytes
Total transferred file size: 0 bytes
Literal data: 0 bytes
Matched data: 0 bytes
File list size: 0
File list generation time: 0.062 seconds
File list transfer time: 0.000 seconds
Total bytes sent: 1.22K
Total bytes received: 46

sent 1.22K bytes  received 46 bytes  844.67 bytes/sec
total size is 8.39M  speedup is 6,618.25
Attempt 2: Rsync for filelist /tmp//splits/split.aa completed with exit code 23

Number of files: 22 (reg: 22)
Number of created files: 0
Number of deleted files: 0
Number of regular files transferred: 0
Total file size: 7.76M bytes
Total transferred file size: 0 bytes
Literal data: 0 bytes
Matched data: 0 bytes
File list size: 0
File list generation time: 0.100 seconds
File list transfer time: 0.000 seconds
Total bytes sent: 1.11K
Total bytes received: 55

sent 1.11K bytes  received 55 bytes  2.34K bytes/sec
total size is 7.76M  speedup is 6,635.82
Attempt 2: Rsync for filelist /tmp//splits/split.af completed with exit code 23

Number of files: 22 (reg: 22)
Number of created files: 0
Number of deleted files: 0
Number of regular files transferred: 0
Total file size: 7.71M bytes
Total transferred file size: 0 bytes
Literal data: 0 bytes
Matched data: 0 bytes
File list size: 0
File list generation time: 0.084 seconds
File list transfer time: 0.000 seconds
Total bytes sent: 1.16K
Total bytes received: 46

sent 1.16K bytes  received 46 bytes  2.41K bytes/sec
total size is 7.71M  speedup is 6,401.44
Attempt 2: Rsync for filelist /tmp//splits/split.ae completed with exit code 23

Number of files: 22 (reg: 22)
Number of created files: 0
Number of deleted files: 0
Number of regular files transferred: 0
Total file size: 9.75M bytes
Total transferred file size: 0 bytes
Literal data: 0 bytes
Matched data: 0 bytes
File list size: 0
File list generation time: 0.246 seconds
File list transfer time: 0.000 seconds
Total bytes sent: 1.19K
Total bytes received: 43

sent 1.19K bytes  received 43 bytes  2.47K bytes/sec
total size is 9.75M  speedup is 7,898.40
Attempt 2: Rsync for filelist /tmp//splits/split.ac completed with exit code 23

Number of files: 22 (reg: 22)
Number of created files: 0
Number of deleted files: 0
Number of regular files transferred: 0
Total file size: 6.83M bytes
Total transferred file size: 0 bytes
Literal data: 0 bytes
Matched data: 0 bytes
File list size: 0
File list generation time: 0.055 seconds
File list transfer time: 0.000 seconds
Total bytes sent: 1.08K
Total bytes received: 67

sent 1.08K bytes  received 67 bytes  2.29K bytes/sec
total size is 6.83M  speedup is 5,971.21
Attempt 2: Rsync for filelist /tmp//splits/split.ab completed with exit code 23


Number of files: 16 (reg: 16)
Number of created files: 0
Number of deleted files: 0
Number of regular files transferred: 0
Total file size: 3.78M bytes
Total transferred file size: 0 bytes
Literal data: 0 bytes
Matched data: 0 bytes
File list size: 0
File list generation time: 0.095 seconds
File list transfer time: 0.000 seconds
Total bytes sent: 765
Total bytes received: 46

sent 765 bytes  received 46 bytes  1.62K bytes/sec
total size is 3.78M  speedup is 4,660.83
Attempt 2: Rsync for filelist /tmp//splits/split.ah completed with exit code 23
Number of files: 22 (reg: 22)
Number of created files: 0
Number of deleted files: 0
Number of regular files transferred: 0
Total file size: 20.67M bytes
Total transferred file size: 0 bytes
Literal data: 0 bytes
Matched data: 0 bytes
File list size: 0
File list generation time: 0.038 seconds
File list transfer time: 0.000 seconds
Total bytes sent: 1.15K
Total bytes received: 40

sent 1.15K bytes  received 40 bytes  2.38K bytes/sec
total size is 20.67M  speedup is 17,352.82
Attempt 2: Rsync for filelist /tmp//splits/split.ad completed with exit code 23

Number of files: 22 (reg: 22)
Number of created files: 0
Number of deleted files: 0
Number of regular files transferred: 0
Total file size: 13.53M bytes
Total transferred file size: 0 bytes
Literal data: 0 bytes
Matched data: 0 bytes
File list size: 0
File list generation time: 0.018 seconds
File list transfer time: 0.000 seconds
Total bytes sent: 1.12K
Total bytes received: 52

sent 1.12K bytes  received 52 bytes  2.35K bytes/sec
total size is 13.53M  speedup is 11,498.36
Attempt 2: Rsync for filelist /tmp//splits/split.ag completed with exit code 23
An error has occurred during web site deployment.
Rsync failed in 2 seconds, Error: rsync: [generator] recv_generator: failed to stat &quot;/home/site/wwwroot/cs\Microsoft.CodeAnalysis.CSharp.resources.dll&quot;: Invalid argument (22)
rsync: [generator] recv_generator: failed to stat &quot;/home/site/wwwroot/es\Microsoft.CodeAnalysis.resources.dll&quot;: Invalid argument (22)
rsync: [generator] recv_generator: failed to stat &quot;/home/site/wwwroot/fr\Microsoft.CodeAnalysis.resources.dll&quot;: Invalid argument (22)
rsync: [generator] recv_generator: failed to stat &quot;/home/site/wwwroot/ja\Microsoft.CodeAnalysis.CSharp.resources.dll&quot;: Invalid argument (22)
rsync: [generator] recv_generator: failed to stat &quot;/home/site/wwwroot/pl\Microsoft.CodeAnalysis.CSharp.resources.dll&quot;: Invalid argument (22)
rsync: [generator] recv_generator: failed to stat &quot;/home/site/wwwroot/pt-BR\Microsoft.CodeAnalysis.CSharp.Workspaces.resources.dll&quot;: Invalid argument (22)
rsync: [generator] recv_generator: failed to stat &quot;/home/site/wwwroot/pt-BR\Microsoft.CodeAnalysis.Workspaces.resources.dll&quot;: Invalid argument (22)
rsync: [generator] recv_generator: failed to stat &quot;/home/site/wwwroot/tr\Microsoft.CodeAnalysis.Workspaces.resources.dll&quot;: Invalid argument (22)
rsync: [generator] recv_generator: failed to stat &quot;/home/site/wwwroot/tr\Microsoft.CodeAnalysis.resources.dll&quot;: Invalid argument (22)
rsync: [generator] recv_generator: failed to stat &quot;/home/site/wwwroot/zh-Hans\Microsoft.CodeAnalysis.CSharp.resources.dll&quot;: Invalid argument (22)
rsync: [generator] recv_generator: failed to stat &quot;/home/site/wwwroot/zh-Hant\Microsoft.CodeAnalysis.CSharp.Workspaces.resources.dll&quot;: Invalid argument (22)
rsync: [generator] recv_generator: failed to stat &quot;/home/site/wwwroot/zh-Hant\Microsoft.CodeAnalysis.resources.dll&quot;: Invalid argument (22)
rsync error: some files/attrs were not transferred (see previous errors) (code 23) at main.c(1338) [sender=3.2.7]
rsync: [generator] recv_generator: failed to stat &quot;/home/site/wwwroot/de\Microsoft.CodeAnalysis.CSharp.Workspaces.resources.dll&quot;: Invalid argument (22)
rsync: [generator] recv_generator: failed to stat &quot;/home/site/wwwroot/fr\Microsoft.CodeAnalysis.Workspaces.resources.dll&quot;: Invalid argument (22)
rsync: [generator] recv_generator: failed to stat &quot;/home/site/wwwroot/it\Microsoft.CodeAnalysis.CSharp.resources.dll&quot;: Invalid argument (22)
rsync: [generator] recv_generator: failed to stat &quot;/home/site/wwwroot/ja\Microsoft.CodeAnalysis.Workspaces.resources.dll&quot;: Invalid argument (22)
rsync: [generator] recv_generator: failed to stat &quot;/home/site/wwwroot/logs\security-20250801.json&quot;: Invalid argument (22)
rsync: [generator] recv_generator: failed to stat &quot;/home/site/wwwroot/pl\Microsoft.CodeAnalysis.Workspaces.resources.dll&quot;: Invalid argument (22)
rsync: [generator] recv_generator: failed to stat &quot;/home/site/wwwroot/pl\Microsoft.CodeAnalysis.resources.dll&quot;: Invalid argument (22)
rsync: [generator] recv_generator: failed to stat &quot;/home/site/wwwroot/pt-BR\Microsoft.CodeAnalysis.CSharp.resources.dll&quot;: Invalid argument (22)
rsync: [generator] recv_generator: failed to stat &quot;/home/site/wwwroot/runtimes\linux-mips64\native\libe_sqlite3.so&quot;: Invalid argument (22)
rsync: [generator] recv_generator: failed to stat &quot;/home/site/wwwroot/runtimes\osx-x64\native\libe_sqlite3.dylib&quot;: Invalid argument (22)
rsync: [generator] recv_generator: failed to stat &quot;/home/site/wwwroot/runtimes\win-arm64\native\e_sqlite3.dll&quot;: Invalid argument (22)
rsync: [generator] recv_generator: failed to stat &quot;/home/site/wwwroot/tr\Microsoft.CodeAnalysis.CSharp.resources.dll&quot;: Invalid argument (22)
rsync: [generator] recv_generator: failed to stat &quot;/home/site/wwwroot/zh-Hans\Microsoft.CodeAnalysis.resources.dll&quot;: Invalid argument (22)
rsync: [generator] recv_generator: failed to stat &quot;/home/site/wwwroot/cs\Microsoft.CodeAnalysis.resources.dll&quot;: Invalid argument (22)
rsync: [generator] recv_generator: failed to stat &quot;/home/site/wwwroot/de\Microsoft.CodeAnalysis.resources.dll&quot;: Invalid argument (22)
rsync: [generator] recv_generator: failed to stat &quot;/home/site/wwwroot/es\Microsoft.CodeAnalysis.Workspaces.resources.dll&quot;: Invalid argument (22)
rsync: [generator] recv_generator: failed to stat &quot;/home/site/wwwroot/fr\Microsoft.CodeAnalysis.CSharp.Workspaces.resources.dll&quot;: Invalid argument (22)
rsync: [generator] recv_generator: failed to stat &quot;/home/site/wwwroot/ko\Microsoft.CodeAnalysis.Workspaces.resources.dll&quot;: Invalid argument (22)
rsync: [generator] recv_generator: failed to stat &quot;/home/site/wwwroot/logs\security-20250819.json&quot;: Invalid argument (22)
rsync: [generator] recv_generator: failed to stat &quot;/home/site/wwwroot/runtimes\linux-arm64\native\libe_sqlite3.so&quot;: Invalid argument (22)
rsync: [generator] recv_generator: failed to stat &quot;/home/site/wwwroot/runtimes\linux-armel\native\libe_sqlite3.so&quot;: Invalid argument (22)
rsync: [generator] recv_generator: failed to stat &quot;/home/site/wwwroot/runtimes\linux-ppc64le\native\libe_sqlite3.so&quot;: Invalid argument (22)
rsync: [generator] recv_generator: failed to stat &quot;/home/site/wwwroot/runtimes\linux-s390x\native\libe_sqlite3.so&quot;: Invalid argument (22)
rsync: [generator] recv_generator: failed to stat &quot;/home/site/wwwroot/runtimes\linux-x64\native\libe_sqlite3.so&quot;: Invalid argument (22)
rsync: [generator] recv_generator: failed to stat &quot;/home/site/wwwroot/runtimes\maccatalyst-arm64\native\libe_sqlite3.dylib&quot;: Invalid argument (22)
rsync: [generator] recv_generator: failed to stat &quot;/home/site/wwwroot/runtimes\win-arm\native\e_sqlite3.dll&quot;: Invalid argument (22)
rsync: [generator] recv_generator: failed to stat &quot;/home/site/wwwroot/zh-Hant\Microsoft.CodeAnalysis.Workspaces.resources.dll&quot;: Invalid argument (22)
rsync: [generator] recv_generator: failed to stat &quot;/home/site/wwwroot/de\Microsoft.CodeAnalysis.CSharp.resources.dll&quot;: Invalid argument (22)
rsync: [generator] recv_generator: failed to stat &quot;/home/site/wwwroot/de\Microsoft.CodeAnalysis.Workspaces.resources.dll&quot;: Invalid argument (22)
rsync: [generator] recv_generator: failed to stat &quot;/home/site/wwwroot/es\Microsoft.CodeAnalysis.CSharp.resources.dll&quot;: Invalid argument (22)
rsync: [generator] recv_generator: failed to stat &quot;/home/site/wwwroot/ja\Microsoft.CodeAnalysis.resources.dll&quot;: Invalid argument (22)
rsync: [generator] recv_generator: failed to stat &quot;/home/site/wwwroot/ko\Microsoft.CodeAnalysis.CSharp.Workspaces.resources.dll&quot;: Invalid argument (22)
rsync: [generator] recv_generator: failed to stat &quot;/home/site/wwwroot/logs\security-20250818.json&quot;: Invalid argument (22)
rsync: [generator] recv_generator: failed to stat &quot;/home/site/wwwroot/pl\Microsoft.CodeAnalysis.CSharp.Workspaces.resources.dll&quot;: Invalid argument (22)
rsync: [generator] recv_generator: failed to stat &quot;/home/site/wwwroot/runtimes\browser-wasm\nativeassets\net8.0\e_sqlite3.a&quot;: Invalid argument (22)
rsync: [generator] recv_generator: failed to stat &quot;/home/site/wwwroot/runtimes\browser\lib\net8.0\System.Text.Encodings.Web.dll&quot;: Invalid argument (22)
rsync: [generator] recv_generator: failed to stat &quot;/home/site/wwwroot/runtimes\linux-x86\native\libe_sqlite3.so&quot;: Invalid argument (22)
rsync: [generator] recv_generator: failed to stat &quot;/home/site/wwwroot/runtimes\win-x64\native\e_sqlite3.dll&quot;: Invalid argument (22)
rsync: [generator] recv_generator: failed to stat &quot;/home/site/wwwroot/zh-Hans\Microsoft.CodeAnalysis.CSharp.Workspaces.resources.dll&quot;: Invalid argument (22)
rsync: [generator] recv_generator: failed to stat &quot;/home/site/wwwroot/fr\Microsoft.CodeAnalysis.CSharp.resources.dll&quot;: Invalid argument (22)
rsync: [generator] recv_generator: failed to stat &quot;/home/site/wwwroot/it\Microsoft.CodeAnalysis.CSharp.Workspaces.resources.dll&quot;: Invalid argument (22)
rsync: [generator] recv_generator: failed to stat &quot;/home/site/wwwroot/it\Microsoft.CodeAnalysis.Workspaces.resources.dll&quot;: Invalid argument (22)
rsync: [generator] recv_generator: failed to stat &quot;/home/site/wwwroot/ko\Microsoft.CodeAnalysis.CSharp.resources.dll&quot;: Invalid argument (22)
rsync: [generator] recv_generator: failed to stat &quot;/home/site/wwwroot/logs\security-20250807.json&quot;: Invalid argument (22)
rsync: [generator] recv_generator: failed to stat &quot;/home/site/wwwroot/logs\security-20250820.json&quot;: Invalid argument (22)
rsync: [generator] recv_generator: failed to stat &quot;/home/site/wwwroot/ru\Microsoft.CodeAnalysis.CSharp.resources.dll&quot;: Invalid argument (22)
rsync: [generator] recv_generator: failed to stat &quot;/home/site/wwwroot/runtimes\linux-musl-arm64\native\libe_sqlite3.so&quot;: Invalid argument (22)
rsync: [generator] recv_generator: failed to stat &quot;/home/site/wwwroot/zh-Hant\Microsoft.CodeAnalysis.CSharp.resources.dll&quot;: Invalid argument (22)
rsync: [generator] recv_generator: failed to stat &quot;/home/site/wwwroot/es\Microsoft.CodeAnalysis.CSharp.Workspaces.resources.dll&quot;: Invalid argument (22)
rsync: [generator] recv_generator: failed to stat &quot;/home/site/wwwroot/ko\Microsoft.CodeAnalysis.resources.dll&quot;: Invalid argument (22)
rsync: [generator] recv_generator: failed to stat &quot;/home/site/wwwroot/logs\security-20250804.json&quot;: Invalid argument (22)
rsync: [generator] recv_generator: failed to stat &quot;/home/site/wwwroot/pt-BR\Microsoft.CodeAnalysis.resources.dll&quot;: Invalid argument (22)
rsync: [generator] recv_generator: failed to stat &quot;/home/site/wwwroot/runtimes\linux-musl-x64\native\libe_sqlite3.so&quot;: Invalid argument (22)
rsync: [generator] recv_generator: failed to stat &quot;/home/site/wwwroot/runtimes\win-x86\native\e_sqlite3.dll&quot;: Invalid argument (22)
rsync error: some files/attrs were not transferred (see previous errors) (code 23) at main.c(1338) [sender=3.2.7]
rsync: [generator] recv_generator: failed to stat &quot;/home/site/wwwroot/it\Microsoft.CodeAnalysis.resources.dll&quot;: Invalid argument (22)
rsync: [generator] recv_generator: failed to stat &quot;/home/site/wwwroot/logs\security-20250805.json&quot;: Invalid argument (22)
rsync: [generator] recv_generator: failed to stat &quot;/home/site/wwwroot/ru\Microsoft.CodeAnalysis.Workspaces.resources.dll&quot;: Invalid argument (22)
rsync: [generator] recv_generator: failed to stat &quot;/home/site/wwwroot/runtimes\osx-arm64\native\libe_sqlite3.dylib&quot;: Invalid argument (22)
rsync: [generator] recv_generator: failed to stat &quot;/home/site/wwwroot/tr\Microsoft.CodeAnalysis.CSharp.Workspaces.resources.dll&quot;: Invalid argument (22)
rsync error: some files/attrs were not transferred (see previous errors) (code 23) at main.c(1338) [sender=3.2.7]
rsync error: some files/attrs were not transferred (see previous errors) (code 23) at main.c(1338) [sender=3.2.7]
rsync: [generator] recv_generator: failed to stat &quot;/home/site/wwwroot/cs\Microsoft.CodeAnalysis.CSharp.Workspaces.resources.dll&quot;: Invalid argument (22)
rsync: [generator] recv_generator: failed to stat &quot;/home/site/wwwroot/cs\Microsoft.CodeAnalysis.Workspaces.resources.dll&quot;: Invalid argument (22)
rsync: [generator] recv_generator: failed to stat &quot;/home/site/wwwroot/ja\Microsoft.CodeAnalysis.CSharp.Workspaces.resources.dll&quot;: Invalid argument (22)
rsync: [generator] recv_generator: failed to stat &quot;/home/site/wwwroot/logs\security-20250808.json&quot;: Invalid argument (22)
rsync: [generator] recv_generator: failed to stat &quot;/home/site/wwwroot/ru\Microsoft.CodeAnalysis.CSharp.Workspaces.resources.dll&quot;: Invalid argument (22)
rsync: [generator] recv_generator: failed to stat &quot;/home/site/wwwroot/ru\Microsoft.CodeAnalysis.resources.dll&quot;: Invalid argument (22)
rsync: [generator] recv_generator: failed to stat &quot;/home/site/wwwroot/runtimes\linux-arm\native\libe_sqlite3.so&quot;: Invalid argument (22)
rsync: [generator] recv_generator: failed to stat &quot;/home/site/wwwroot/runtimes\linux-musl-arm\native\libe_sqlite3.so&quot;: Invalid argument (22)
rsync: [generator] recv_generator: failed to stat &quot;/home/site/wwwroot/runtimes\maccatalyst-x64\native\libe_sqlite3.dylib&quot;: Invalid argument (22)
rsync: [generator] recv_generator: failed to stat &quot;/home/site/wwwroot/zh-Hans\Microsoft.CodeAnalysis.Workspaces.resources.dll&quot;: Invalid argument (22)
rsync: [generator] recv_generator: failed to stat &quot;/home/site/wwwroot/cs\Microsoft.CodeAnalysis.CSharp.resources.dll&quot;: Invalid argument (22)
rsync: [generator] recv_generator: failed to stat &quot;/home/site/wwwroot/es\Microsoft.CodeAnalysis.resources.dll&quot;: Invalid argument (22)
rsync: [generator] recv_generator: failed to stat &quot;/home/site/wwwroot/fr\Microsoft.CodeAnalysis.resources.dll&quot;: Invalid argument (22)
rsync: [generator] recv_generator: failed to stat &quot;/home/site/wwwroot/ja\Microsoft.CodeAnalysis.CSharp.resources.dll&quot;: Invalid argument (22)
rsync: [generator] recv_generator: failed to stat &quot;/home/site/wwwroot/pl\Microsoft.CodeAnalysis.CSharp.resources.dll&quot;: Invalid argument (22)
rsync: [generator] recv_generator: failed to stat &quot;/home/site/wwwroot/pt-BR\Microsoft.CodeAnalysis.CSharp.Workspaces.resources.dll&quot;: Invalid argument (22)
rsync: [generator] recv_generator: failed to stat &quot;/home/site/wwwroot/pt-BR\Microsoft.CodeAnalysis.Workspaces.resources.dll&quot;: Invalid argument (22)
rsync: [generator] recv_generator: failed to stat &quot;/home/site/wwwroot/tr\Microsoft.CodeAnalysis.Workspaces.resources.dll&quot;: Invalid argument (22)
rsync: [generator] recv_generator: failed to stat &quot;/home/site/wwwroot/tr\Microsoft.CodeAnalysis.resources.dll&quot;: Invalid argument (22)
rsync: [generator] recv_generator: failed to stat &quot;/home/site/wwwroot/zh-Hans\Microsoft.CodeAnalysis.CSharp.resources.dll&quot;: Invalid argument (22)
rsync: [generator] recv_generator: failed to stat &quot;/home/site/wwwroot/zh-Hant\Microsoft.CodeAnalysis.CSharp.Workspaces.resources.dll&quot;: Invalid argument (22)
rsync: [generator] recv_generator: failed to stat &quot;/home/site/wwwroot/zh-Hant\Microsoft.CodeAnalysis.resources.dll&quot;: Invalid argument (22)
rsync error: some files/attrs were not transferred (see previous errors) (code 23) at main.c(1338) [sender=3.2.7]
rsync error: some files/attrs were not transferred (see previous errors) (code 23) at main.c(1338) [sender=3.2.7]
rsync error: some files/attrs were not transferred (see previous errors) (code 23) at main.c(1338) [sender=3.2.7]
rsync error: some files/attrs were not transferred (see previous errors) (code 23) at main.c(1338) [sender=3.2.7]
rsync error: some files/attrs were not transferred (see previous errors) (code 23) at main.c(1338) [sender=3.2.7]
rsync: [generator] recv_generator: failed to stat &quot;/home/site/wwwroot/fr\Microsoft.CodeAnalysis.CSharp.resources.dll&quot;: Invalid argument (22)
rsync: [generator] recv_generator: failed to stat &quot;/home/site/wwwroot/it\Microsoft.CodeAnalysis.CSharp.Workspaces.resources.dll&quot;: Invalid argument (22)
rsync: [generator] recv_generator: failed to stat &quot;/home/site/wwwroot/it\Microsoft.CodeAnalysis.Workspaces.resources.dll&quot;: Invalid argument (22)
rsync: [generator] recv_generator: failed to stat &quot;/home/site/wwwroot/ko\Microsoft.CodeAnalysis.CSharp.resources.dll&quot;: Invalid argument (22)
rsync: [generator] recv_generator: failed to stat &quot;/home/site/wwwroot/logs\security-20250807.json&quot;: Invalid argument (22)
rsync: [generator] recv_generator: failed to stat &quot;/home/site/wwwroot/logs\security-20250820.json&quot;: Invalid argument (22)
rsync: [generator] recv_generator: failed to stat &quot;/home/site/wwwroot/ru\Microsoft.CodeAnalysis.CSharp.resources.dll&quot;: Invalid argument (22)
rsync: [generator] recv_generator: failed to stat &quot;/home/site/wwwroot/runtimes\linux-musl-arm64\native\libe_sqlite3.so&quot;: Invalid argument (22)
rsync: [generator] recv_generator: failed to stat &quot;/home/site/wwwroot/zh-Hant\Microsoft.CodeAnalysis.CSharp.resources.dll&quot;: Invalid argument (22)
rsync error: some files/attrs were not transferred (see previous errors) (code 23) at main.c(1338) [sender=3.2.7]
rsync: [generator] recv_generator: failed to stat &quot;/home/site/wwwroot/de\Microsoft.CodeAnalysis.CSharp.resources.dll&quot;: Invalid argument (22)
rsync: [generator] recv_generator: failed to stat &quot;/home/site/wwwroot/de\Microsoft.CodeAnalysis.Workspaces.resources.dll&quot;: Invalid argument (22)
rsync: [generator] recv_generator: failed to stat &quot;/home/site/wwwroot/es\Microsoft.CodeAnalysis.CSharp.resources.dll&quot;: Invalid argument (22)
rsync: [generator] recv_generator: failed to stat &quot;/home/site/wwwroot/ja\Microsoft.CodeAnalysis.resources.dll&quot;: Invalid argument (22)
rsync: [generator] recv_generator: failed to stat &quot;/home/site/wwwroot/ko\Microsoft.CodeAnalysis.CSharp.Workspaces.resources.dll&quot;: Invalid argument (22)
rsync: [generator] recv_generator: failed to stat &quot;/home/site/wwwroot/logs\security-20250818.json&quot;: Invalid argument (22)
rsync: [generator] recv_generator: failed to stat &quot;/home/site/wwwroot/pl\Microsoft.CodeAnalysis.CSharp.Workspaces.resources.dll&quot;: Invalid argument (22)
rsync: [generator] recv_generator: failed to stat &quot;/home/site/wwwroot/runtimes\browser-wasm\nativeassets\net8.0\e_sqlite3.a&quot;: Invalid argument (22)
rsync: [generator] recv_generator: failed to stat &quot;/home/site/wwwroot/runtimes\browser\lib\net8.0\System.Text.Encodings.Web.dll&quot;: Invalid argument (22)
rsync: [generator] recv_generator: failed to stat &quot;/home/site/wwwroot/runtimes\linux-x86\native\libe_sqlite3.so&quot;: Invalid argument (22)
rsync: [generator] recv_generator: failed to stat &quot;/home/site/wwwroot/runtimes\win-x64\native\e_sqlite3.dll&quot;: Invalid argument (22)
rsync: [generator] recv_generator: failed to stat &quot;/home/site/wwwroot/zh-Hans\Microsoft.CodeAnalysis.CSharp.Workspaces.resources.dll&quot;: Invalid argument (22)
rsync: [generator] recv_generator: failed to stat &quot;/home/site/wwwroot/de\Microsoft.CodeAnalysis.CSharp.Workspaces.resources.dll&quot;: Invalid argument (22)
rsync: [generator] recv_generator: failed to stat &quot;/home/site/wwwroot/fr\Microsoft.CodeAnalysis.Workspaces.resources.dll&quot;: Invalid argument (22)
rsync: [generator] recv_generator: failed to stat &quot;/home/site/wwwroot/it\Microsoft.CodeAnalysis.CSharp.resources.dll&quot;: Invalid argument (22)
rsync: [generator] recv_generator: failed to stat &quot;/home/site/wwwroot/ja\Microsoft.CodeAnalysis.Workspaces.resources.dll&quot;: Invalid argument (22)
rsync: [generator] recv_generator: failed to stat &quot;/home/site/wwwroot/logs\security-20250801.json&quot;: Invalid argument (22)
rsync: [generator] recv_generator: failed to stat &quot;/home/site/wwwroot/pl\Microsoft.CodeAnalysis.Workspaces.resources.dll&quot;: Invalid argument (22)
rsync: [generator] recv_generator: failed to stat &quot;/home/site/wwwroot/pl\Microsoft.CodeAnalysis.resources.dll&quot;: Invalid argument (22)
rsync: [generator] recv_generator: failed to stat &quot;/home/site/wwwroot/pt-BR\Microsoft.CodeAnalysis.CSharp.resources.dll&quot;: Invalid argument (22)
rsync: [generator] recv_generator: failed to stat &quot;/home/site/wwwroot/runtimes\linux-mips64\native\libe_sqlite3.so&quot;: Invalid argument (22)
rsync: [generator] recv_generator: failed to stat &quot;/home/site/wwwroot/runtimes\osx-x64\native\libe_sqlite3.dylib&quot;: Invalid argument (22)
rsync: [generator] recv_generator: failed to stat &quot;/home/site/wwwroot/runtimes\win-arm64\native\e_sqlite3.dll&quot;: Invalid argument (22)
rsync: [generator] recv_generator: failed to stat &quot;/home/site/wwwroot/tr\Microsoft.CodeAnalysis.CSharp.resources.dll&quot;: Invalid argument (22)
rsync: [generator] recv_generator: failed to stat &quot;/home/site/wwwroot/zh-Hans\Microsoft.CodeAnalysis.resources.dll&quot;: Invalid argument (22)
rsync: [generator] recv_generator: failed to stat &quot;/home/site/wwwroot/cs\Microsoft.CodeAnalysis.resources.dll&quot;: Invalid argument (22)
rsync: [generator] recv_generator: failed to stat &quot;/home/site/wwwroot/de\Microsoft.CodeAnalysis.resources.dll&quot;: Invalid argument (22)
rsync: [generator] recv_generator: failed to stat &quot;/home/site/wwwroot/es\Microsoft.CodeAnalysis.Workspaces.resources.dll&quot;: Invalid argument (22)
rsync: [generator] recv_generator: failed to stat &quot;/home/site/wwwroot/fr\Microsoft.CodeAnalysis.CSharp.Workspaces.resources.dll&quot;: Invalid argument (22)
rsync: [generator] recv_generator: failed to stat &quot;/home/site/wwwroot/ko\Microsoft.CodeAnalysis.Workspaces.resources.dll&quot;: Invalid argument (22)
rsync: [generator] recv_generator: failed to stat &quot;/home/site/wwwroot/logs\security-20250819.json&quot;: Invalid argument (22)
rsync: [generator] recv_generator: failed to stat &quot;/home/site/wwwroot/runtimes\linux-arm64\native\libe_sqlite3.so&quot;: Invalid argument (22)
rsync: [generator] recv_generator: failed to stat &quot;/home/site/wwwroot/runtimes\linux-armel\native\libe_sqlite3.so&quot;: Invalid argument (22)
rsync: [generator] recv_generator: failed to stat &quot;/home/site/wwwroot/runtimes\linux-ppc64le\native\libe_sqlite3.so&quot;: Invalid argument (22)
rsync: [generator] recv_generator: failed to stat &quot;/home/site/wwwroot/runtimes\linux-s390x\native\libe_sqlite3.so&quot;: Invalid argument (22)
rsync: [generator] recv_generator: failed to stat &quot;/home/site/wwwroot/runtimes\linux-x64\native\libe_sqlite3.so&quot;: Invalid argument (22)
rsync: [generator] recv_generator: failed to stat &quot;/home/site/wwwroot/runtimes\maccatalyst-arm64\native\libe_sqlite3.dylib&quot;: Invalid argument (22)
rsync: [generator] recv_generator: failed to stat &quot;/home/site/wwwroot/runtimes\win-arm\native\e_sqlite3.dll&quot;: Invalid argument (22)
rsync: [generator] recv_generator: failed to stat &quot;/home/site/wwwroot/zh-Hant\Microsoft.CodeAnalysis.Workspaces.resources.dll&quot;: Invalid argument (22)
rsync: [generator] recv_generator: failed to stat &quot;/home/site/wwwroot/it\Microsoft.CodeAnalysis.resources.dll&quot;: Invalid argument (22)
rsync: [generator] recv_generator: failed to stat &quot;/home/site/wwwroot/logs\security-20250805.json&quot;: Invalid argument (22)
rsync: [generator] recv_generator: failed to stat &quot;/home/site/wwwroot/ru\Microsoft.CodeAnalysis.Workspaces.resources.dll&quot;: Invalid argument (22)
rsync: [generator] recv_generator: failed to stat &quot;/home/site/wwwroot/runtimes\osx-arm64\native\libe_sqlite3.dylib&quot;: Invalid argument (22)
rsync: [generator] recv_generator: failed to stat &quot;/home/site/wwwroot/tr\Microsoft.CodeAnalysis.CSharp.Workspaces.resources.dll&quot;: Invalid argument (22)
rsync: [generator] recv_generator: failed to stat &quot;/home/site/wwwroot/es\Microsoft.CodeAnalysis.CSharp.Workspaces.resources.dll&quot;: Invalid argument (22)
rsync: [generator] recv_generator: failed to stat &quot;/home/site/wwwroot/ko\Microsoft.CodeAnalysis.resources.dll&quot;: Invalid argument (22)
rsync: [generator] recv_generator: failed to stat &quot;/home/site/wwwroot/logs\security-20250804.json&quot;: Invalid argument (22)
rsync: [generator] recv_generator: failed to stat &quot;/home/site/wwwroot/pt-BR\Microsoft.CodeAnalysis.resources.dll&quot;: Invalid argument (22)
rsync: [generator] recv_generator: failed to stat &quot;/home/site/wwwroot/runtimes\linux-musl-x64\native\libe_sqlite3.so&quot;: Invalid argument (22)
rsync: [generator] recv_generator: failed to stat &quot;/home/site/wwwroot/runtimes\win-x86\native\e_sqlite3.dll&quot;: Invalid argument (22)
rsync: [generator] recv_generator: failed to stat &quot;/home/site/wwwroot/cs\Microsoft.CodeAnalysis.CSharp.Workspaces.resources.dll&quot;: Invalid argument (22)
rsync: [generator] recv_generator: failed to stat &quot;/home/site/wwwroot/cs\Microsoft.CodeAnalysis.Workspaces.resources.dll&quot;: Invalid argument (22)
rsync: [generator] recv_generator: failed to stat &quot;/home/site/wwwroot/ja\Microsoft.CodeAnalysis.CSharp.Workspaces.resources.dll&quot;: Invalid argument (22)
rsync: [generator] recv_generator: failed to stat &quot;/home/site/wwwroot/logs\security-20250808.json&quot;: Invalid argument (22)
rsync: [generator] recv_generator: failed to stat &quot;/home/site/wwwroot/ru\Microsoft.CodeAnalysis.CSharp.Workspaces.resources.dll&quot;: Invalid argument (22)
rsync: [generator] recv_generator: failed to stat &quot;/home/site/wwwroot/ru\Microsoft.CodeAnalysis.resources.dll&quot;: Invalid argument (22)
rsync: [generator] recv_generator: failed to stat &quot;/home/site/wwwroot/runtimes\linux-arm\native\libe_sqlite3.so&quot;: Invalid argument (22)
rsync: [generator] recv_generator: failed to stat &quot;/home/site/wwwroot/runtimes\linux-musl-arm\native\libe_sqlite3.so&quot;: Invalid argument (22)
rsync: [generator] recv_generator: failed to stat &quot;/home/site/wwwroot/runtimes\maccatalyst-x64\native\libe_sqlite3.dylib&quot;: Invalid argument (22)
rsync: [generator] recv_generator: failed to stat &quot;/home/site/wwwroot/zh-Hans\Microsoft.CodeAnalysis.Workspaces.resources.dll&quot;: Invalid argument (22)
rsync error: some files/attrs were not transferred (see previous errors) (code 23) at main.c(1338) [sender=3.2.7]
rsync error: some files/attrs were not transferred (see previous errors) (code 23) at main.c(1338) [sender=3.2.7]
rsync error: some files/attrs were not transferred (see previous errors) (code 23) at main.c(1338) [sender=3.2.7]
rsync error: some files/attrs were not transferred (see previous errors) (code 23) at main.c(1338) [sender=3.2.7]
rsync error: some files/attrs were not transferred (see previous errors) (code 23) at main.c(1338) [sender=3.2.7]
rsync error: some files/attrs were not transferred (see previous errors) (code 23) at main.c(1338) [sender=3.2.7], Kudu.Core.Infrastructure.CommandLineException: rsync: [generator] recv_generator: failed to stat &quot;/home/site/wwwroot/cs\Microsoft.CodeAnalysis.CSharp.resources.dll&quot;: Invalid argument (22)
rsync: [generator] recv_generator: failed to stat &quot;/home/site/wwwroot/es\Microsoft.CodeAnalysis.resources.dll&quot;: Invalid argument (22)
rsync: [generator] recv_generator: failed to stat &quot;/home/site/wwwroot/fr\Microsoft.CodeAnalysis.resources.dll&quot;: Invalid argument (22)
rsync: [generator] recv_generator: failed to stat &quot;/home/site/wwwroot/ja\Microsoft.CodeAnalysis.CSharp.resources.dll&quot;: Invalid argument (22)
rsync: [generator] recv_generator: failed to stat &quot;/home/site/wwwroot/pl\Microsoft.CodeAnalysis.CSharp.resources.dll&quot;: Invalid argument (22)
rsync: [generator] recv_generator: failed to stat &quot;/home/site/wwwroot/pt-BR\Microsoft.CodeAnalysis.CSharp.Workspaces.resources.dll&quot;: Invalid argument (22)
rsync: [generator] recv_generator: failed to stat &quot;/home/site/wwwroot/pt-BR\Microsoft.CodeAnalysis.Workspaces.resources.dll&quot;: Invalid argument (22)
rsync: [generator] recv_generator: failed to stat &quot;/home/site/wwwroot/tr\Microsoft.CodeAnalysis.Workspaces.resources.dll&quot;: Invalid argument (22)
rsync: [generator] recv_generator: failed to stat &quot;/home/site/wwwroot/tr\Microsoft.CodeAnalysis.resources.dll&quot;: Invalid argument (22)
rsync: [generator] recv_generator: failed to stat &quot;/home/site/wwwroot/zh-Hans\Microsoft.CodeAnalysis.CSharp.resources.dll&quot;: Invalid argument (22)
rsync: [generator] recv_generator: failed to stat &quot;/home/site/wwwroot/zh-Hant\Microsoft.CodeAnalysis.CSharp.Workspaces.resources.dll&quot;: Invalid argument (22)
rsync: [generator] recv_generator: failed to stat &quot;/home/site/wwwroot/zh-Hant\Microsoft.CodeAnalysis.resources.dll&quot;: Invalid argument (22)
rsync error: some files/attrs were not transferred (see previous errors) (code 23) at main.c(1338) [sender=3.2.7]
rsync: [generator] recv_generator: failed to stat &quot;/home/site/wwwroot/de\Microsoft.CodeAnalysis.CSharp.Workspaces.resources.dll&quot;: Invalid argument (22)
rsync: [generator] recv_generator: failed to stat &quot;/home/site/wwwroot/fr\Microsoft.CodeAnalysis.Workspaces.resources.dll&quot;: Invalid argument (22)
rsync: [generator] recv_generator: failed to stat &quot;/home/site/wwwroot/it\Microsoft.CodeAnalysis.CSharp.resources.dll&quot;: Invalid argument (22)
rsync: [generator] recv_generator: failed to stat &quot;/home/site/wwwroot/ja\Microsoft.CodeAnalysis.Workspaces.resources.dll&quot;: Invalid argument (22)
rsync: [generator] recv_generator: failed to stat &quot;/home/site/wwwroot/logs\security-20250801.json&quot;: Invalid argument (22)
rsync: [generator] recv_generator: failed to stat &quot;/home/site/wwwroot/pl\Microsoft.CodeAnalysis.Workspaces.resources.dll&quot;: Invalid argument (22)
rsync: [generator] recv_generator: failed to stat &quot;/home/site/wwwroot/pl\Microsoft.CodeAnalysis.resources.dll&quot;: Invalid argument (22)
rsync: [generator] recv_generator: failed to stat &quot;/home/site/wwwroot/pt-BR\Microsoft.CodeAnalysis.CSharp.resources.dll&quot;: Invalid argument (22)
rsync: [generator] recv_generator: failed to stat &quot;/home/site/wwwroot/runtimes\linux-mips64\native\libe_sqlite3.so&quot;: Invalid argument (22)
rsync: [generator] recv_generator: failed to stat &quot;/home/site/wwwroot/runtimes\osx-x64\native\libe_sqlite3.dylib&quot;: Invalid argument (22)
rsync: [generator] recv_generator: failed to stat &quot;/home/site/wwwroot/runtimes\win-arm64\native\e_sqlite3.dll&quot;: Invalid argument (22)
rsync: [generator] recv_generator: failed to stat &quot;/home/site/wwwroot/tr\Microsoft.CodeAnalysis.CSharp.resources.dll&quot;: Invalid argument (22)
rsync: [generator] recv_generator: failed to stat &quot;/home/site/wwwroot/zh-Hans\Microsoft.CodeAnalysis.resources.dll&quot;: Invalid argument (22)
rsync: [generator] recv_generator: failed to stat &quot;/home/site/wwwroot/cs\Microsoft.CodeAnalysis.resources.dll&quot;: Invalid argument (22)
rsync: [generator] recv_generator: failed to stat &quot;/home/site/wwwroot/de\Microsoft.CodeAnalysis.resources.dll&quot;: Invalid argument (22)
rsync: [generator] recv_generator: failed to stat &quot;/home/site/wwwroot/es\Microsoft.CodeAnalysis.Workspaces.resources.dll&quot;: Invalid argument (22)
rsync: [generator] recv_generator: failed to stat &quot;/home/site/wwwroot/fr\Microsoft.CodeAnalysis.CSharp.Workspaces.resources.dll&quot;: Invalid argument (22)
rsync: [generator] recv_generator: failed to stat &quot;/home/site/wwwroot/ko\Microsoft.CodeAnalysis.Workspaces.resources.dll&quot;: Invalid argument (22)
rsync: [generator] recv_generator: failed to stat &quot;/home/site/wwwroot/logs\security-20250819.json&quot;: Invalid argument (22)
rsync: [generator] recv_generator: failed to stat &quot;/home/site/wwwroot/runtimes\linux-arm64\native\libe_sqlite3.so&quot;: Invalid argument (22)
rsync: [generator] recv_generator: failed to stat &quot;/home/site/wwwroot/runtimes\linux-armel\native\libe_sqlite3.so&quot;: Invalid argument (22)
rsync: [generator] recv_generator: failed to stat &quot;/home/site/wwwroot/runtimes\linux-ppc64le\native\libe_sqlite3.so&quot;: Invalid argument (22)
rsync: [generator] recv_generator: failed to stat &quot;/home/site/wwwroot/runtimes\linux-s390x\native\libe_sqlite3.so&quot;: Invalid argument (22)
rsync: [generator] recv_generator: failed to stat &quot;/home/site/wwwroot/runtimes\linux-x64\native\libe_sqlite3.so&quot;: Invalid argument (22)
rsync: [generator] recv_generator: failed to stat &quot;/home/site/wwwroot/runtimes\maccatalyst-arm64\native\libe_sqlite3.dylib&quot;: Invalid argument (22)
rsync: [generator] recv_generator: failed to stat &quot;/home/site/wwwroot/runtimes\win-arm\native\e_sqlite3.dll&quot;: Invalid argument (22)
rsync: [generator] recv_generator: failed to stat &quot;/home/site/wwwroot/zh-Hant\Microsoft.CodeAnalysis.Workspaces.resources.dll&quot;: Invalid argument (22)
rsync: [generator] recv_generator: failed to stat &quot;/home/site/wwwroot/de\Microsoft.CodeAnalysis.CSharp.resources.dll&quot;: Invalid argument (22)
rsync: [generator] recv_generator: failed to stat &quot;/home/site/wwwroot/de\Microsoft.CodeAnalysis.Workspaces.resources.dll&quot;: Invalid argument (22)
rsync: [generator] recv_generator: failed to stat &quot;/home/site/wwwroot/es\Microsoft.CodeAnalysis.CSharp.resources.dll&quot;: Invalid argument (22)
rsync: [generator] recv_generator: failed to stat &quot;/home/site/wwwroot/ja\Microsoft.CodeAnalysis.resources.dll&quot;: Invalid argument (22)
rsync: [generator] recv_generator: failed to stat &quot;/home/site/wwwroot/ko\Microsoft.CodeAnalysis.CSharp.Workspaces.resources.dll&quot;: Invalid argument (22)
rsync: [generator] recv_generator: failed to stat &quot;/home/site/wwwroot/logs\security-20250818.json&quot;: Invalid argument (22)
rsync: [generator] recv_generator: failed to stat &quot;/home/site/wwwroot/pl\Microsoft.CodeAnalysis.CSharp.Workspaces.resources.dll&quot;: Invalid argument (22)
rsync: [generator] recv_generator: failed to stat &quot;/home/site/wwwroot/runtimes\browser-wasm\nativeassets\net8.0\e_sqlite3.a&quot;: Invalid argument (22)
rsync: [generator] recv_generator: failed to stat &quot;/home/site/wwwroot/runtimes\browser\lib\net8.0\System.Text.Encodings.Web.dll&quot;: Invalid argument (22)
rsync: [generator] recv_generator: failed to stat &quot;/home/site/wwwroot/runtimes\linux-x86\native\libe_sqlite3.so&quot;: Invalid argument (22)
rsync: [generator] recv_generator: failed to stat &quot;/home/site/wwwroot/runtimes\win-x64\native\e_sqlite3.dll&quot;: Invalid argument (22)
rsync: [generator] recv_generator: failed to stat &quot;/home/site/wwwroot/zh-Hans\Microsoft.CodeAnalysis.CSharp.Workspaces.resources.dll&quot;: Invalid argument (22)
rsync: [generator] recv_generator: failed to stat &quot;/home/site/wwwroot/fr\Microsoft.CodeAnalysis.CSharp.resources.dll&quot;: Invalid argument (22)
rsync: [generator] recv_generator: failed to stat &quot;/home/site/wwwroot/it\Microsoft.CodeAnalysis.CSharp.Workspaces.resources.dll&quot;: Invalid argument (22)
rsync: [generator] recv_generator: failed to stat &quot;/home/site/wwwroot/it\Microsoft.CodeAnalysis.Workspaces.resources.dll&quot;: Invalid argument (22)
rsync: [generator] recv_generator: failed to stat &quot;/home/site/wwwroot/ko\Microsoft.CodeAnalysis.CSharp.resources.dll&quot;: Invalid argument (22)
rsync: [generator] recv_generator: failed to stat &quot;/home/site/wwwroot/logs\security-20250807.json&quot;: Invalid argument (22)
rsync: [generator] recv_generator: failed to stat &quot;/home/site/wwwroot/logs\security-20250820.json&quot;: Invalid argument (22)
rsync: [generator] recv_generator: failed to stat &quot;/home/site/wwwroot/ru\Microsoft.CodeAnalysis.CSharp.resources.dll&quot;: Invalid argument (22)
rsync: [generator] recv_generator: failed to stat &quot;/home/site/wwwroot/runtimes\linux-musl-arm64\native\libe_sqlite3.so&quot;: Invalid argument (22)
rsync: [generator] recv_generator: failed to stat &quot;/home/site/wwwroot/zh-Hant\Microsoft.CodeAnalysis.CSharp.resources.dll&quot;: Invalid argument (22)
rsync: [generator] recv_generator: failed to stat &quot;/home/site/wwwroot/es\Microsoft.CodeAnalysis.CSharp.Workspaces.resources.dll&quot;: Invalid argument (22)
rsync: [generator] recv_generator: failed to stat &quot;/home/site/wwwroot/ko\Microsoft.CodeAnalysis.resources.dll&quot;: Invalid argument (22)
rsync: [generator] recv_generator: failed to stat &quot;/home/site/wwwroot/logs\security-20250804.json&quot;: Invalid argument (22)
rsync: [generator] recv_generator: failed to stat &quot;/home/site/wwwroot/pt-BR\Microsoft.CodeAnalysis.resources.dll&quot;: Invalid argument (22)
rsync: [generator] recv_generator: failed to stat &quot;/home/site/wwwroot/runtimes\linux-musl-x64\native\libe_sqlite3.so&quot;: Invalid argument (22)
rsync: [generator] recv_generator: failed to stat &quot;/home/site/wwwroot/runtimes\win-x86\native\e_sqlite3.dll&quot;: Invalid argument (22)
rsync error: some files/attrs were not transferred (see previous errors) (code 23) at main.c(1338) [sender=3.2.7]
rsync: [generator] recv_generator: failed to stat &quot;/home/site/wwwroot/it\Microsoft.CodeAnalysis.resources.dll&quot;: Invalid argument (22)
rsync: [generator] recv_generator: failed to stat &quot;/home/site/wwwroot/logs\security-20250805.json&quot;: Invalid argument (22)
rsync: [generator] recv_generator: failed to stat &quot;/home/site/wwwroot/ru\Microsoft.CodeAnalysis.Workspaces.resources.dll&quot;: Invalid argument (22)
rsync: [generator] recv_generator: failed to stat &quot;/home/site/wwwroot/runtimes\osx-arm64\native\libe_sqlite3.dylib&quot;: Invalid argument (22)
rsync: [generator] recv_generator: failed to stat &quot;/home/site/wwwroot/tr\Microsoft.CodeAnalysis.CSharp.Workspaces.resources.dll&quot;: Invalid argument (22)
rsync error: some files/attrs were not transferred (see previous errors) (code 23) at main.c(1338) [sender=3.2.7]
rsync error: some files/attrs were not transferred (see previous errors) (code 23) at main.c(1338) [sender=3.2.7]
rsync: [generator] recv_generator: failed to stat &quot;/home/site/wwwroot/cs\Microsoft.CodeAnalysis.CSharp.Workspaces.resources.dll&quot;: Invalid argument (22)
rsync: [generator] recv_generator: failed to stat &quot;/home/site/wwwroot/cs\Microsoft.CodeAnalysis.Workspaces.resources.dll&quot;: Invalid argument (22)
rsync: [generator] recv_generator: failed to stat &quot;/home/site/wwwroot/ja\Microsoft.CodeAnalysis.CSharp.Workspaces.resources.dll&quot;: Invalid argument (22)
rsync: [generator] recv_generator: failed to stat &quot;/home/site/wwwroot/logs\security-20250808.json&quot;: Invalid argument (22)
rsync: [generator] recv_generator: failed to stat &quot;/home/site/wwwroot/ru\Microsoft.CodeAnalysis.CSharp.Workspaces.resources.dll&quot;: Invalid argument (22)
rsync: [generator] recv_generator: failed to stat &quot;/home/site/wwwroot/ru\Microsoft.CodeAnalysis.resources.dll&quot;: Invalid argument (22)
rsync: [generator] recv_generator: failed to stat &quot;/home/site/wwwroot/runtimes\linux-arm\native\libe_sqlite3.so&quot;: Invalid argument (22)
rsync: [generator] recv_generator: failed to stat &quot;/home/site/wwwroot/runtimes\linux-musl-arm\native\libe_sqlite3.so&quot;: Invalid argument (22)
rsync: [generator] recv_generator: failed to stat &quot;/home/site/wwwroot/runtimes\maccatalyst-x64\native\libe_sqlite3.dylib&quot;: Invalid argument (22)
rsync: [generator] recv_generator: failed to stat &quot;/home/site/wwwroot/zh-Hans\Microsoft.CodeAnalysis.Workspaces.resources.dll&quot;: Invalid argument (22)
rsync: [generator] recv_generator: failed to stat &quot;/home/site/wwwroot/cs\Microsoft.CodeAnalysis.CSharp.resources.dll&quot;: Invalid argument (22)
rsync: [generator] recv_generator: failed to stat &quot;/home/site/wwwroot/es\Microsoft.CodeAnalysis.resources.dll&quot;: Invalid argument (22)
rsync: [generator] recv_generator: failed to stat &quot;/home/site/wwwroot/fr\Microsoft.CodeAnalysis.resources.dll&quot;: Invalid argument (22)
rsync: [generator] recv_generator: failed to stat &quot;/home/site/wwwroot/ja\Microsoft.CodeAnalysis.CSharp.resources.dll&quot;: Invalid argument (22)
rsync: [generator] recv_generator: failed to stat &quot;/home/site/wwwroot/pl\Microsoft.CodeAnalysis.CSharp.resources.dll&quot;: Invalid argument (22)
rsync: [generator] recv_generator: failed to stat &quot;/home/site/wwwroot/pt-BR\Microsoft.CodeAnalysis.CSharp.Workspaces.resources.dll&quot;: Invalid argument (22)
rsync: [generator] recv_generator: failed to stat &quot;/home/site/wwwroot/pt-BR\Microsoft.CodeAnalysis.Workspaces.resources.dll&quot;: Invalid argument (22)
rsync: [generator] recv_generator: failed to stat &quot;/home/site/wwwroot/tr\Microsoft.CodeAnalysis.Workspaces.resources.dll&quot;: Invalid argument (22)
rsync: [generator] recv_generator: failed to stat &quot;/home/site/wwwroot/tr\Microsoft.CodeAnalysis.resources.dll&quot;: Invalid argument (22)
rsync: [generator] recv_generator: failed to stat &quot;/home/site/wwwroot/zh-Hans\Microsoft.CodeAnalysis.CSharp.resources.dll&quot;: Invalid argument (22)
rsync: [generator] recv_generator: failed to stat &quot;/home/site/wwwroot/zh-Hant\Microsoft.CodeAnalysis.CSharp.Workspaces.resources.dll&quot;: Invalid argument (22)
rsync: [generator] recv_generator: failed to stat &quot;/home/site/wwwroot/zh-Hant\Microsoft.CodeAnalysis.resources.dll&quot;: Invalid argument (22)
rsync error: some files/attrs were not transferred (see previous errors) (code 23) at main.c(1338) [sender=3.2.7]
rsync error: some files/attrs were not transferred (see previous errors) (code 23) at main.c(1338) [sender=3.2.7]
rsync error: some files/attrs were not transferred (see previous errors) (code 23) at main.c(1338) [sender=3.2.7]
rsync error: some files/attrs were not transferred (see previous errors) (code 23) at main.c(1338) [sender=3.2.7]
rsync error: some files/attrs were not transferred (see previous errors) (code 23) at main.c(1338) [sender=3.2.7]
rsync: [generator] recv_generator: failed to stat &quot;/home/site/wwwroot/fr\Microsoft.CodeAnalysis.CSharp.resources.dll&quot;: Invalid argument (22)
rsync: [generator] recv_generator: failed to stat &quot;/home/site/wwwroot/it\Microsoft.CodeAnalysis.CSharp.Workspaces.resources.dll&quot;: Invalid argument (22)
rsync: [generator] recv_generator: failed to stat &quot;/home/site/wwwroot/it\Microsoft.CodeAnalysis.Workspaces.resources.dll&quot;: Invalid argument (22)
rsync: [generator] recv_generator: failed to stat &quot;/home/site/wwwroot/ko\Microsoft.CodeAnalysis.CSharp.resources.dll&quot;: Invalid argument (22)
rsync: [generator] recv_generator: failed to stat &quot;/home/site/wwwroot/logs\security-20250807.json&quot;: Invalid argument (22)
rsync: [generator] recv_generator: failed to stat &quot;/home/site/wwwroot/logs\security-20250820.json&quot;: Invalid argument (22)
rsync: [generator] recv_generator: failed to stat &quot;/home/site/wwwroot/ru\Microsoft.CodeAnalysis.CSharp.resources.dll&quot;: Invalid argument (22)
rsync: [generator] recv_generator: failed to stat &quot;/home/site/wwwroot/runtimes\linux-musl-arm64\native\libe_sqlite3.so&quot;: Invalid argument (22)
rsync: [generator] recv_generator: failed to stat &quot;/home/site/wwwroot/zh-Hant\Microsoft.CodeAnalysis.CSharp.resources.dll&quot;: Invalid argument (22)
rsync error: some files/attrs were not transferred (see previous errors) (code 23) at main.c(1338) [sender=3.2.7]
rsync: [generator] recv_generator: failed to stat &quot;/home/site/wwwroot/de\Microsoft.CodeAnalysis.CSharp.resources.dll&quot;: Invalid argument (22)
rsync: [generator] recv_generator: failed to stat &quot;/home/site/wwwroot/de\Microsoft.CodeAnalysis.Workspaces.resources.dll&quot;: Invalid argument (22)
rsync: [generator] recv_generator: failed to stat &quot;/home/site/wwwroot/es\Microsoft.CodeAnalysis.CSharp.resources.dll&quot;: Invalid argument (22)
rsync: [generator] recv_generator: failed to stat &quot;/home/site/wwwroot/ja\Microsoft.CodeAnalysis.resources.dll&quot;: Invalid argument (22)
rsync: [generator] recv_generator: failed to stat &quot;/home/site/wwwroot/ko\Microsoft.CodeAnalysis.CSharp.Workspaces.resources.dll&quot;: Invalid argument (22)
rsync: [generator] recv_generator: failed to stat &quot;/home/site/wwwroot/logs\security-20250818.json&quot;: Invalid argument (22)
rsync: [generator] recv_generator: failed to stat &quot;/home/site/wwwroot/pl\Microsoft.CodeAnalysis.CSharp.Workspaces.resources.dll&quot;: Invalid argument (22)
rsync: [generator] recv_generator: failed to stat &quot;/home/site/wwwroot/runtimes\browser-wasm\nativeassets\net8.0\e_sqlite3.a&quot;: Invalid argument (22)
rsync: [generator] recv_generator: failed to stat &quot;/home/site/wwwroot/runtimes\browser\lib\net8.0\System.Text.Encodings.Web.dll&quot;: Invalid argument (22)
rsync: [generator] recv_generator: failed to stat &quot;/home/site/wwwroot/runtimes\linux-x86\native\libe_sqlite3.so&quot;: Invalid argument (22)
rsync: [generator] recv_generator: failed to stat &quot;/home/site/wwwroot/runtimes\win-x64\native\e_sqlite3.dll&quot;: Invalid argument (22)
rsync: [generator] recv_generator: failed to stat &quot;/home/site/wwwroot/zh-Hans\Microsoft.CodeAnalysis.CSharp.Workspaces.resources.dll&quot;: Invalid argument (22)
rsync: [generator] recv_generator: failed to stat &quot;/home/site/wwwroot/de\Microsoft.CodeAnalysis.CSharp.Workspaces.resources.dll&quot;: Invalid argument (22)
rsync: [generator] recv_generator: failed to stat &quot;/home/site/wwwroot/fr\Microsoft.CodeAnalysis.Workspaces.resources.dll&quot;: Invalid argument (22)
rsync: [generator] recv_generator: failed to stat &quot;/home/site/wwwroot/it\Microsoft.CodeAnalysis.CSharp.resources.dll&quot;: Invalid argument (22)
rsync: [generator] recv_generator: failed to stat &quot;/home/site/wwwroot/ja\Microsoft.CodeAnalysis.Workspaces.resources.dll&quot;: Invalid argument (22)
rsync: [generator] recv_generator: failed to stat &quot;/home/site/wwwroot/logs\security-20250801.json&quot;: Invalid argument (22)
rsync: [generator] recv_generator: failed to stat &quot;/home/site/wwwroot/pl\Microsoft.CodeAnalysis.Workspaces.resources.dll&quot;: Invalid argument (22)
rsync: [generator] recv_generator: failed to stat &quot;/home/site/wwwroot/pl\Microsoft.CodeAnalysis.resources.dll&quot;: Invalid argument (22)
rsync: [generator] recv_generator: failed to stat &quot;/home/site/wwwroot/pt-BR\Microsoft.CodeAnalysis.CSharp.resources.dll&quot;: Invalid argument (22)
rsync: [generator] recv_generator: failed to stat &quot;/home/site/wwwroot/runtimes\linux-mips64\native\libe_sqlite3.so&quot;: Invalid argument (22)
rsync: [generator] recv_generator: failed to stat &quot;/home/site/wwwroot/runtimes\osx-x64\native\libe_sqlite3.dylib&quot;: Invalid argument (22)
rsync: [generator] recv_generator: failed to stat &quot;/home/site/wwwroot/runtimes\win-arm64\native\e_sqlite3.dll&quot;: Invalid argument (22)
rsync: [generator] recv_generator: failed to stat &quot;/home/site/wwwroot/tr\Microsoft.CodeAnalysis.CSharp.resources.dll&quot;: Invalid argument (22)
rsync: [generator] recv_generator: failed to stat &quot;/home/site/wwwroot/zh-Hans\Microsoft.CodeAnalysis.resources.dll&quot;: Invalid argument (22)
rsync: [generator] recv_generator: failed to stat &quot;/home/site/wwwroot/cs\Microsoft.CodeAnalysis.resources.dll&quot;: Invalid argument (22)
rsync: [generator] recv_generator: failed to stat &quot;/home/site/wwwroot/de\Microsoft.CodeAnalysis.resources.dll&quot;: Invalid argument (22)
rsync: [generator] recv_generator: failed to stat &quot;/home/site/wwwroot/es\Microsoft.CodeAnalysis.Workspaces.resources.dll&quot;: Invalid argument (22)
rsync: [generator] recv_generator: failed to stat &quot;/home/site/wwwroot/fr\Microsoft.CodeAnalysis.CSharp.Workspaces.resources.dll&quot;: Invalid argument (22)
rsync: [generator] recv_generator: failed to stat &quot;/home/site/wwwroot/ko\Microsoft.CodeAnalysis.Workspaces.resources.dll&quot;: Invalid argument (22)
rsync: [generator] recv_generator: failed to stat &quot;/home/site/wwwroot/logs\security-20250819.json&quot;: Invalid argument (22)
rsync: [generator] recv_generator: failed to stat &quot;/home/site/wwwroot/runtimes\linux-arm64\native\libe_sqlite3.so&quot;: Invalid argument (22)
rsync: [generator] recv_generator: failed to stat &quot;/home/site/wwwroot/runtimes\linux-armel\native\libe_sqlite3.so&quot;: Invalid argument (22)
rsync: [generator] recv_generator: failed to stat &quot;/home/site/wwwroot/runtimes\linux-ppc64le\native\libe_sqlite3.so&quot;: Invalid argument (22)
rsync: [generator] recv_generator: failed to stat &quot;/home/site/wwwroot/runtimes\linux-s390x\native\libe_sqlite3.so&quot;: Invalid argument (22)
rsync: [generator] recv_generator: failed to stat &quot;/home/site/wwwroot/runtimes\linux-x64\native\libe_sqlite3.so&quot;: Invalid argument (22)
rsync: [generator] recv_generator: failed to stat &quot;/home/site/wwwroot/runtimes\maccatalyst-arm64\native\libe_sqlite3.dylib&quot;: Invalid argument (22)
rsync: [generator] recv_generator: failed to stat &quot;/home/site/wwwroot/runtimes\win-arm\native\e_sqlite3.dll&quot;: Invalid argument (22)
rsync: [generator] recv_generator: failed to stat &quot;/home/site/wwwroot/zh-Hant\Microsoft.CodeAnalysis.Workspaces.resources.dll&quot;: Invalid argument (22)
rsync: [generator] recv_generator: failed to stat &quot;/home/site/wwwroot/it\Microsoft.CodeAnalysis.resources.dll&quot;: Invalid argument (22)
rsync: [generator] recv_generator: failed to stat &quot;/home/site/wwwroot/logs\security-20250805.json&quot;: Invalid argument (22)
rsync: [generator] recv_generator: failed to stat &quot;/home/site/wwwroot/ru\Microsoft.CodeAnalysis.Workspaces.resources.dll&quot;: Invalid argument (22)
rsync: [generator] recv_generator: failed to stat &quot;/home/site/wwwroot/runtimes\osx-arm64\native\libe_sqlite3.dylib&quot;: Invalid argument (22)
rsync: [generator] recv_generator: failed to stat &quot;/home/site/wwwroot/tr\Microsoft.CodeAnalysis.CSharp.Workspaces.resources.dll&quot;: Invalid argument (22)
rsync: [generator] recv_generator: failed to stat &quot;/home/site/wwwroot/es\Microsoft.CodeAnalysis.CSharp.Workspaces.resources.dll&quot;: Invalid argument (22)
rsync: [generator] recv_generator: failed to stat &quot;/home/site/wwwroot/ko\Microsoft.CodeAnalysis.resources.dll&quot;: Invalid argument (22)
rsync: [generator] recv_generator: failed to stat &quot;/home/site/wwwroot/logs\security-20250804.json&quot;: Invalid argument (22)
rsync: [generator] recv_generator: failed to stat &quot;/home/site/wwwroot/pt-BR\Microsoft.CodeAnalysis.resources.dll&quot;: Invalid argument (22)
rsync: [generator] recv_generator: failed to stat &quot;/home/site/wwwroot/runtimes\linux-musl-x64\native\libe_sqlite3.so&quot;: Invalid argument (22)
rsync: [generator] recv_generator: failed to stat &quot;/home/site/wwwroot/runtimes\win-x86\native\e_sqlite3.dll&quot;: Invalid argument (22)
rsync: [generator] recv_generator: failed to stat &quot;/home/site/wwwroot/cs\Microsoft.CodeAnalysis.CSharp.Workspaces.resources.dll&quot;: Invalid argument (22)
rsync: [generator] recv_generator: failed to stat &quot;/home/site/wwwroot/cs\Microsoft.CodeAnalysis.Workspaces.resources.dll&quot;: Invalid argument (22)
rsync: [generator] recv_generator: failed to stat &quot;/home/site/wwwroot/ja\Microsoft.CodeAnalysis.CSharp.Workspaces.resources.dll&quot;: Invalid argument (22)
rsync: [generator] recv_generator: failed to stat &quot;/home/site/wwwroot/logs\security-20250808.json&quot;: Invalid argument (22)
rsync: [generator] recv_generator: failed to stat &quot;/home/site/wwwroot/ru\Microsoft.CodeAnalysis.CSharp.Workspaces.resources.dll&quot;: Invalid argument (22)
rsync: [generator] recv_generator: failed to stat &quot;/home/site/wwwroot/ru\Microsoft.CodeAnalysis.resources.dll&quot;: Invalid argument (22)
rsync: [generator] recv_generator: failed to stat &quot;/home/site/wwwroot/runtimes\linux-arm\native\libe_sqlite3.so&quot;: Invalid argument (22)
rsync: [generator] recv_generator: failed to stat &quot;/home/site/wwwroot/runtimes\linux-musl-arm\native\libe_sqlite3.so&quot;: Invalid argument (22)
rsync: [generator] recv_generator: failed to stat &quot;/home/site/wwwroot/runtimes\maccatalyst-x64\native\libe_sqlite3.dylib&quot;: Invalid argument (22)
rsync: [generator] recv_generator: failed to stat &quot;/home/site/wwwroot/zh-Hans\Microsoft.CodeAnalysis.Workspaces.resources.dll&quot;: Invalid argument (22)
rsync error: some files/attrs were not transferred (see previous errors) (code 23) at main.c(1338) [sender=3.2.7]
rsync error: some files/attrs were not transferred (see previous errors) (code 23) at main.c(1338) [sender=3.2.7]
rsync error: some files/attrs were not transferred (see previous errors) (code 23) at main.c(1338) [sender=3.2.7]
rsync error: some files/attrs were not transferred (see previous errors) (code 23) at main.c(1338) [sender=3.2.7]
rsync error: some files/attrs were not transferred (see previous errors) (code 23) at main.c(1338) [sender=3.2.7]
rsync error: some files/attrs were not transferred (see previous errors) (code 23) at main.c(1338) [sender=3.2.7]
/opt/Kudu/Scripts/starter.sh /opt/Kudu/Scripts/parallel_rsync.sh /tmp/zipdeploy/extracted /home/site/wwwroot 8 /tmp/ False True  
   at Kudu.Core.Infrastructure.Executable.ExecuteInternal(ITracer tracer, Func`2 onWriteOutput, Func`2 onWriteError, CancellationToken token, Encoding encoding, String arguments, Object[] args) in /tmp/KuduLite/Kudu.Core/Infrastructure/Executable.cs:line 239
   at Kudu.Core.Infrastructure.Executable.ExecuteWithProgressWriter(ILogger logger, ITracer tracer, CancellationToken token, String arguments, Object[] args) in /tmp/KuduLite/Kudu.Core/Infrastructure/Executable.cs:line 118
   at Kudu.Core.Deployment.Generator.ExternalCommandBuilder.RunCommand(DeploymentContext context, String command, Boolean ignoreManifest, CancellationToken token, String message) in /tmp/KuduLite/Kudu.Core/Deployment/Generator/ExternalCommandBuilder.cs:line 122
   at Kudu.Core.Deployment.Generator.GeneratorSiteBuilder.Build(DeploymentContext context, CancellationToken token) in /tmp/KuduLite/Kudu.Core/Deployment/Generator/GeneratorSiteBuilder.cs:line 70" /><!-- duration: 94ms -->
              <step title="Generating deployment script" date="2025-08-22T08:41:49.703" >
                <step title="Using cached version of the deployment script for command: -y --no-dot-deployment -r &quot;/tmp/zipdeploy/extracted&quot; -o &quot;/home/site/deployments/tools&quot; --basic --sitePath &quot;/tmp/zipdeploy/extracted&quot;" date="2025-08-22T08:41:49.819" /><!-- duration: 5ms -->
              </step><!-- duration: 139ms -->
              <step title="Executing external process" date="2025-08-22T08:41:50.160" type="process" path="starter.sh" arguments="&quot;/home/site/deployments/tools/deploy.sh&quot;" >
                <step title="Process dump" date="2025-08-22T08:41:51.375" exitCode="1" type="processOutput" /><!-- duration: 56ms -->
              </step><!-- duration: 1283ms -->
              <step title="Error occurred" date="2025-08-22T08:41:51.498" type="error" text="
/opt/Kudu/Scripts/starter.sh &quot;/home/site/deployments/tools/deploy.sh&quot;" stackTrace="   at Kudu.Core.Infrastructure.Executable.ExecuteInternal(ITracer tracer, Func`2 onWriteOutput, Func`2 onWriteError, CancellationToken token, Encoding encoding, String arguments, Object[] args) in /tmp/KuduLite/Kudu.Core/Infrastructure/Executable.cs:line 239
   at Kudu.Core.Infrastructure.Executable.ExecuteWithProgressWriter(ILogger logger, ITracer tracer, CancellationToken token, String arguments, Object[] args) in /tmp/KuduLite/Kudu.Core/Infrastructure/Executable.cs:line 118
   at Kudu.Core.Deployment.Generator.ExternalCommandBuilder.RunCommand(DeploymentContext context, String command, Boolean ignoreManifest, CancellationToken token, String message) in /tmp/KuduLite/Kudu.Core/Deployment/Generator/ExternalCommandBuilder.cs:line 122" /><!-- duration: 39ms -->
              <step title="Error occurred" date="2025-08-22T08:41:51.562" type="error" text="
/opt/Kudu/Scripts/starter.sh &quot;/home/site/deployments/tools/deploy.sh&quot;" stackTrace="   at Kudu.Core.Infrastructure.Executable.ExecuteInternal(ITracer tracer, Func`2 onWriteOutput, Func`2 onWriteError, CancellationToken token, Encoding encoding, String arguments, Object[] args) in /tmp/KuduLite/Kudu.Core/Infrastructure/Executable.cs:line 239
   at Kudu.Core.Infrastructure.Executable.ExecuteWithProgressWriter(ILogger logger, ITracer tracer, CancellationToken token, String arguments, Object[] args) in /tmp/KuduLite/Kudu.Core/Infrastructure/Executable.cs:line 118
   at Kudu.Core.Deployment.Generator.ExternalCommandBuilder.RunCommand(DeploymentContext context, String command, Boolean ignoreManifest, CancellationToken token, String message) in /tmp/KuduLite/Kudu.Core/Deployment/Generator/ExternalCommandBuilder.cs:line 122
   at Kudu.Core.Deployment.Generator.GeneratorSiteBuilder.Build(DeploymentContext context, CancellationToken token) in /tmp/KuduLite/Kudu.Core/Deployment/Generator/GeneratorSiteBuilder.cs:line 84
--- End of stack trace from previous location ---
   at Kudu.Core.Deployment.DeploymentManager.Build(ChangeSet changeSet, ITracer tracer, IDisposable deployStep, IRepository repository, DeploymentInfoBase deploymentInfo, DeploymentAnalytics deploymentAnalytics, Boolean fullBuildByDefault, CancellationToken cancellationToken) in /tmp/KuduLite/Kudu.Core/Deployment/DeploymentManager.cs:line 771" /><!-- duration: 12ms -->
              <step title="Purge deployment items" date="2025-08-22T08:41:52.631" >
                <step title="Remove temp-cde7, Failed, received at 08/22/2025 08:41:18" date="2025-08-22T08:41:52.882" /><!-- duration: 21ms -->
                <step title="Remove 9114f9a4-, Failed, received at 08/22/2025 08:36:11" date="2025-08-22T08:41:53.265" /><!-- duration: 19ms -->
