<step title="Incoming Request" date="2025-08-24T20:57:57.103" instance="dc7a13" url="/api/zipdeploy?isAsync=true" method="POST" type="request" pid="825,1,39" Accept="*/*" Host="sb-backend.scm.azurewebsites.net" User-Agent="AZURECLI/2.76.0 (MSI)" Accept-Encoding="gzip, deflate" Authorization="Bea..." Cache-Control="no-cache" Content-Type="application/octet-stream" Cookie="ARRAffinity=dc7a138dfcb63bce17254cc4321cf14c9178fc6ae4c339b927686049d314ddf6; ARRAffinitySameSite=dc7a138dfcb63bce17254cc4321cf14c9178fc6ae4c339b927686049d314ddf6" Content-Length="29484192" x-ms-client-request-id="fb8d2f71-812c-11f0-9fc2-e40d3658d486" x-ms-artifact-checksum="c8f5c374eaf87eb968a5fab58df9ddc6692eb1e5f3acfd670e72f08868758bdc" X-ARR-LOG-ID="fb8d2f71-812c-11f0-9fc2-e40d3658d486" CLIENT-IP="88.164.68.31:17010" X-SITE-DEPLOYMENT-ID="sb-backend" WAS-DEFAULT-HOSTNAME="sb-backend.scm.azurewebsites.net" X-Forwarded-Proto="https" X-AppService-Proto="https" X-Forwarded-TlsVersion="1.3" X-WAWS-Unencoded-URL="/api/zipdeploy?isAsync=true" X-Client-IP="88.164.68.31" X-Client-Port="17010" >
  <step title="Cleanup Xml Logs" date="2025-08-24T20:57:57.123" /><!-- duration: 87ms -->
  <step title="ZipPushDeploy" date="2025-08-24T20:57:57.471" >
    <step title="ZipDeploy. Run from package." date="2025-08-24T20:57:57.488" /><!-- duration: 6ms -->
    <step title="None repository commit" date="2025-08-24T20:57:57.509" >
      <step title="Commit id: be51697a-0510-4413-a023-a48e527d4a83" date="2025-08-24T20:57:57.514" Message="N/A" AuthorName="N/A" AuthorEmail="N/A" /><!-- duration: 5ms -->
    </step><!-- duration: 15ms -->
    <step title="Starting PushDeployAsync" date="2025-08-24T20:57:57.530" /><!-- duration: 5ms -->
    <step title="WEBSITE_RUN_FROM_PACKAGE is set to 1. Writing zip to SitePackagesPath" date="2025-08-24T20:57:57.573" /><!-- duration: 18ms -->
    <step title="Copying zip to SitePackages /home/data/SitePackages/20250824205757.zip from request body" date="2025-08-24T20:57:57.603" /><!-- duration: 12ms -->
    <step title="Writing multipart request body to /home/data/SitePackages/20250824205757.zip" date="2025-08-24T20:57:57.624" /><!-- duration: 9ms -->
    <step title="Start deployment in the background" date="2025-08-24T20:57:59.366" >
      <step title="Acquiring Deployment Lock" date="2025-08-24T20:57:59.407" /><!-- duration: 19ms -->
      <step title="Acquired Deployment Lock" date="2025-08-24T20:57:59.483" /><!-- duration: 5ms -->
    </step><!-- duration: 276ms -->
  </step><!-- duration: 2185ms -->
  <step title="Outgoing response" date="2025-08-24T20:57:59.668" type="response" statusCode="202" statusText="Accepted" /><!-- duration: 9ms -->
</step><!-- duration: 2590ms -->
