<step title="Incoming Request" date="2025-08-24T22:48:01.081" instance="dc7a13" url="/api/zipdeploy?isAsync=true" method="POST" type="request" pid="825,1,5" Accept="*/*" Host="sb-backend.scm.azurewebsites.net" User-Agent="AZURECLI/2.76.0 (MSI)" Accept-Encoding="gzip, deflate" Authorization="Bea..." Cache-Control="no-cache" Content-Type="application/octet-stream" Content-Length="29966094" x-ms-client-request-id="3ac04bd7-813c-11f0-b6be-e40d3658d486" x-ms-artifact-checksum="7733230f8d95845ea400adde57b31aab5745f2de54834ea22cc09a19e52ab9f2" X-ARR-LOG-ID="3ac04bd7-813c-11f0-b6be-e40d3658d486" CLIENT-IP="88.164.68.31:21120" X-SITE-DEPLOYMENT-ID="sb-backend" WAS-DEFAULT-HOSTNAME="sb-backend.scm.azurewebsites.net" X-Forwarded-Proto="https" X-AppService-Proto="https" X-Forwarded-TlsVersion="1.3" X-WAWS-Unencoded-URL="/api/zipdeploy?isAsync=true" X-Client-IP="88.164.68.31" X-Client-Port="21120" >
  <step title="Cleanup Xml Logs" date="2025-08-24T22:48:01.139" /><!-- duration: 92ms -->
  <step title="ZipPushDeploy" date="2025-08-24T22:48:01.668" >
    <step title="ZipDeploy. Run from package." date="2025-08-24T22:48:01.706" /><!-- duration: 22ms -->
    <step title="None repository commit" date="2025-08-24T22:48:01.741" >
      <step title="Commit id: fa18317e-029a-47f1-b5b7-5aaf97e6f879" date="2025-08-24T22:48:01.747" Message="N/A" AuthorName="N/A" AuthorEmail="N/A" /><!-- duration: 5ms -->
    </step><!-- duration: 16ms -->
    <step title="Starting PushDeployAsync" date="2025-08-24T22:48:01.762" /><!-- duration: 6ms -->
    <step title="WEBSITE_RUN_FROM_PACKAGE is set to 1. Writing zip to SitePackagesPath" date="2025-08-24T22:48:01.789" /><!-- duration: 64ms -->
    <step title="Copying zip to SitePackages /home/data/SitePackages/20250824224801.zip from request body" date="2025-08-24T22:48:01.970" /><!-- duration: 10ms -->
    <step title="Writing multipart request body to /home/data/SitePackages/20250824224801.zip" date="2025-08-24T22:48:02.007" /><!-- duration: 10ms -->
    <step title="Deleting outdated zip file /home/data/SitePackages/20250822084629.zip" date="2025-08-24T22:48:06.804" /><!-- duration: 58ms -->
    <step title="Start deployment in the background" date="2025-08-24T22:48:06.940" >
      <step title="Acquiring Deployment Lock" date="2025-08-24T22:48:07.145" /><!-- duration: 17ms -->
      <step title="Acquired Deployment Lock" date="2025-08-24T22:48:07.310" /><!-- duration: 26ms -->
    </step><!-- duration: 695ms -->
  </step><!-- duration: 6057ms -->
  <step title="Outgoing response" date="2025-08-24T22:48:07.807" type="response" statusCode="202" statusText="Accepted" /><!-- duration: 10ms -->
</step><!-- duration: 6755ms -->
