<step title="Incoming Request" date="2025-08-22T08:36:02.008" instance="dc7a13" url="/api/zipdeploy?isAsync=true" method="POST" type="request" pid="823,1,21" Accept="*/*" Host="sb-backend.scm.azurewebsites.net" User-Agent="AZURECLI/2.76.0 (MSI)" Accept-Encoding="gzip, deflate" Authorization="Bea..." Cache-Control="no-cache" Content-Type="application/octet-stream" Cookie="ARRAffinity=dc7a138dfcb63bce17254cc4321cf14c9178fc6ae4c339b927686049d314ddf6; ARRAffinitySameSite=dc7a138dfcb63bce17254cc4321cf14c9178fc6ae4c339b927686049d314ddf6" Content-Length="29001913" x-ms-client-request-id="02d709d1-7f33-11f0-8a48-e40d3658d486" x-ms-artifact-checksum="a5789ca152e0e541a3ccf2cf10a56b9feff4b4ce8e7d2d58fe3a40540b29617a" X-ARR-LOG-ID="02d709d1-7f33-11f0-8a48-e40d3658d486" CLIENT-IP="88.164.68.31:29309" X-SITE-DEPLOYMENT-ID="sb-backend" WAS-DEFAULT-HOSTNAME="sb-backend.scm.azurewebsites.net" X-Forwarded-Proto="https" X-AppService-Proto="https" X-Forwarded-TlsVersion="1.3" X-WAWS-Unencoded-URL="/api/zipdeploy?isAsync=true" X-Client-IP="88.164.68.31" X-Client-Port="29309" >
  <step title="ZipPushDeploy" date="2025-08-22T08:36:02.200" >
    <step title="ZipDeploy. Extract zip." date="2025-08-22T08:36:02.253" /><!-- duration: 10ms -->
    <step title="Starting PushDeployAsync" date="2025-08-22T08:36:02.282" /><!-- duration: 11ms -->
    <step title="Writing artifact to /tmp/zipdeploy/ad0167b9-ed49-4e40-9a78-3db02fc74db7.zip" date="2025-08-22T08:36:02.370" >
      <step title="Writing multipart request body to /tmp/zipdeploy/ad0167b9-ed49-4e40-9a78-3db02fc74db7.zip" date="2025-08-22T08:36:02.424" /><!-- duration: 16ms -->
    </step><!-- duration: 2524ms -->
    <step title="Start deployment in the background" date="2025-08-22T08:36:05.055" >
      <step title="Acquiring Deployment Lock" date="2025-08-22T08:36:05.342" /><!-- duration: 18ms -->
      <step title="Acquired Deployment Lock" date="2025-08-22T08:36:05.486" /><!-- duration: 13ms -->
    </step><!-- duration: 693ms -->
  </step><!-- duration: 3566ms -->
  <step title="Outgoing response" date="2025-08-22T08:36:05.774" type="response" statusCode="202" statusText="Accepted" /><!-- duration: 18ms -->
</step><!-- duration: 3796ms -->
