<step title="Incoming Request" date="2025-08-24T14:42:36.340" instance="dc7a13" url="/api/publish?type=zip" method="POST" type="request" pid="825,1,40" Accept="*/*" Host="sb-backend.scm.azurewebsites.net" User-Agent="AZURECLI/2.76.0 (MSI)" Accept-Encoding="gzip, deflate" Authorization="Bea..." Cache-Control="no-cache" Content-Type="application/octet-stream" Cookie="ARRAffinity=dc7a138dfcb63bce17254cc4321cf14c9178fc6ae4c339b927686049d314ddf6; ARRAffinitySameSite=dc7a138dfcb63bce17254cc4321cf14c9178fc6ae4c339b927686049d314ddf6" Content-Length="29015626" x-ms-client-request-id="8df59147-80f8-11f0-af53-e40d3658d486" x-ms-artifact-checksum="5830933da8841c22c0c86fa9b8f3a7dd86cccc22dced5d4733ae180171f63265" X-ARR-LOG-ID="8df59147-80f8-11f0-af53-e40d3658d486" CLIENT-IP="88.164.68.31:29930" X-SITE-DEPLOYMENT-ID="sb-backend" WAS-DEFAULT-HOSTNAME="sb-backend.scm.azurewebsites.net" X-Forwarded-Proto="https" X-AppService-Proto="https" X-Forwarded-TlsVersion="1.3" X-WAWS-Unencoded-URL="/api/publish?type=zip" X-Client-IP="88.164.68.31" X-Client-Port="29930" >
  <step title="OneDeploy" date="2025-08-24T14:42:36.601" >
    <step title="Starting PushDeployAsync" date="2025-08-24T14:42:36.656" /><!-- duration: 10ms -->
    <step title="WEBSITE_RUN_FROM_PACKAGE is set to 1. Writing zip to SitePackagesPath" date="2025-08-24T14:42:36.732" /><!-- duration: 20ms -->
    <step title="Copying zip to SitePackages /home/data/SitePackages/20250824144236.zip from request body" date="2025-08-24T14:42:36.782" /><!-- duration: 39ms -->
    <step title="Writing multipart request body to /home/data/SitePackages/20250824144236.zip" date="2025-08-24T14:42:36.842" /><!-- duration: 29ms -->
    <step title="Attempting to fetch target branch HEAD" date="2025-08-24T14:42:39.689" /><!-- duration: 28ms -->
    <step title="Acquiring Deployment Lock" date="2025-08-24T14:42:39.754" /><!-- duration: 19ms -->
    <step title="Acquired Deployment Lock" date="2025-08-24T14:42:39.867" /><!-- duration: 9ms -->
    <step title="Performing fetch based deployment" date="2025-08-24T14:42:39.904" >
      <step title="Creating temporary deployment" date="2025-08-24T14:42:39.927" /><!-- duration: 243ms -->
      <step title="Releasing Deployment Lock" date="2025-08-24T14:42:41.403" /><!-- duration: 15ms -->
      <step title="None repository commit" date="2025-08-24T14:42:41.469" >
        <step title="Commit id: 52bbcffb-7511-4612-80ba-9f940ce40c02" date="2025-08-24T14:42:41.475" Message="OneDeploy" AuthorName="N/A" AuthorEmail="N/A" /><!-- duration: 5ms -->
      </step><!-- duration: 16ms -->
      <step title="Deployment timer started" date="2025-08-24T14:42:43.522" >
        <step title="DeploymentManager.Deploy(id:52bbcffb-7511-4612-80ba-9f940ce40c02)" date="2025-08-24T14:42:43.561" >
          <step title="Collecting changeset information" date="2025-08-24T14:42:43.628" /><!-- duration: 170ms -->
          <step title="Updating submodules" date="2025-08-24T14:42:43.808" /><!-- duration: 1246ms -->
          <step title="Determining deployment builder" date="2025-08-24T14:42:45.649" >
            <step title="Builder is RunFromZipSiteBuilder" date="2025-08-24T14:42:45.738" /><!-- duration: 20ms -->
          </step><!-- duration: 156ms -->
          <step title="PreDeployment: context.CleanOutputPath False" date="2025-08-24T14:42:45.912" >
            <step title="PreDeployment: context.OutputPath /home/site/wwwroot" date="2025-08-24T14:42:46.134" >
              <step title="Building" date="2025-08-24T14:42:46.321" >
                <step title="Modified file to trigger a restart of the app container." date="2025-08-24T14:42:46.932" /><!-- duration: 6ms -->
                <step title="Skip function trigger and logicapp sync because function is not enabled." date="2025-08-24T14:42:46.955" /><!-- duration: 8ms -->
              </step><!-- duration: 1987ms -->
            </step><!-- duration: 2193ms -->
            <step title="Cleaning up temp files" date="2025-08-24T14:42:48.333" /><!-- duration: 29ms -->
            <step title="Cleaning up temp files" date="2025-08-24T14:42:48.369" /><!-- duration: 517ms -->
            <step title="Reloading status file with latest updates" date="2025-08-24T14:42:48.980" >
              <step title="WebHooksManager.PublishEventAsync: PostDeployment" date="2025-08-24T14:42:48.988" /><!-- duration: 65ms -->
            </step><!-- duration: 79ms -->
            <step title="Cleaning up temporary deployment - fetch deployment was successful" date="2025-08-24T14:42:49.071" /><!-- duration: 13ms -->
          </step><!-- duration: 3296ms -->
        </step><!-- duration: 5658ms -->
        <step title="Outgoing response" date="2025-08-24T14:42:49.240" type="response" statusCode="200" statusText="OK" /><!-- duration: 10ms -->
      </step><!-- duration: 5737ms -->
