<step title="BackgroundTrace" date="2025-08-24T22:48:06.988" instance="dc7a13" url="/api/zipdeploy" method="POST" >
  <step title="Cleanup Xml Logs" date="2025-08-24T22:48:07.008" /><!-- duration: 51ms -->
  <step title="Creating temporary deployment - FetchDeploymentManager" date="2025-08-24T22:48:07.349" /><!-- duration: 16ms -->
  <step title="Creating temporary deployment" date="2025-08-24T22:48:07.376" /><!-- duration: 184ms -->
  <step title="Performing fetch based deployment" date="2025-08-24T22:48:07.986" >
    <step title="Deployment timer started" date="2025-08-24T22:48:11.343" >
      <step title="DeploymentManager.Deploy(id:fa18317e-029a-47f1-b5b7-5aaf97e6f879)" date="2025-08-24T22:48:11.373" >
        <step title="Collecting changeset information" date="2025-08-24T22:48:11.435" /><!-- duration: 161ms -->
        <step title="Updating submodules" date="2025-08-24T22:48:11.623" /><!-- duration: 1178ms -->
        <step title="Determining deployment builder" date="2025-08-24T22:48:13.365" >
          <step title="Builder is RunFromZipSiteBuilder" date="2025-08-24T22:48:13.400" /><!-- duration: 9ms -->
        </step><!-- duration: 53ms -->
        <step title="PreDeployment: context.CleanOutputPath False" date="2025-08-24T22:48:13.493" >
          <step title="PreDeployment: context.OutputPath /home/site/wwwroot" date="2025-08-24T22:48:13.716" >
            <step title="Building" date="2025-08-24T22:48:14.172" >
              <step title="Triggering recycle (preview mode disabled)." date="2025-08-24T22:48:14.675" /><!-- duration: 10ms -->
              <step title="Modified file to trigger a restart of the app container." date="2025-08-24T22:48:14.721" /><!-- duration: 5ms -->
              <step title="Skip function trigger and logicapp sync because function is not enabled." date="2025-08-24T22:48:14.733" /><!-- duration: 9ms -->
            </step><!-- duration: 1861ms -->
          </step><!-- duration: 2335ms -->
          <step title="Cleaning up temp files" date="2025-08-24T22:48:16.056" /><!-- duration: 7ms -->
          <step title="Cleaning up temp files" date="2025-08-24T22:48:16.073" /><!-- duration: 512ms -->
          <step title="Reloading status file with latest updates" date="2025-08-24T22:48:16.635" >
            <step title="WebHooksManager.PublishEventAsync: PostDeployment" date="2025-08-24T22:48:16.641" /><!-- duration: 139ms -->
          </step><!-- duration: 153ms -->
          <step title="Cleaning up temporary deployment - fetch deployment was successful" date="2025-08-24T22:48:16.796" /><!-- duration: 5ms -->
        </step><!-- duration: 3412ms -->
      </step><!-- duration: 5582ms -->
