    

    DO $$
    BEGIN
        IF NOT EXISTS (SELECT 1 FROM pg_namespace WHERE nspname = 'public') THEN
            EXECUTE 'CREATE SCHEMA public AUTHORIZATION ' || quote_ident(current_user);
        END IF;
    END
    $$;
    DO $$
    BEGIN
        BEGIN
            EXECUTE 'ALTER SCHEMA public OWNER TO ' || quote_ident(current_user);
            EXCEPTION WHEN insufficient_privilege THEN
                RAISE NOTICE 'Insufficient privileges to alter schema.';
            END;
    END $$;
    SET search_path TO public;

    DO $$
    DECLARE r RECORD;
    BEGIN
        FOR r IN (
            SELECT tablename FROM pg_tables WHERE schemaname = 'public'
            AND tablename IN (
                'InformationDepotCabinetContacts','InformationDepotCabinetRoles','InformationDepotCabinets',
                'TitulairePays','InventeurPays','DeposantPays',
                'InformationsDepot','BrevetCabinets','BrevetTitulaires','BrevetDeposants','BrevetInventeurs','BrevetClients',
                'Contacts','UserRoles','Users','Roles',
                'NumeroPays','Statuts','Pays',
                'Titulaires','Deposants','Inventeurs','Brevets',
                'ClientCabinets','Cabinets','Clients',
                'Logs'
            )
        ) LOOP
            EXECUTE format('DROP TABLE IF EXISTS %I CASCADE;', r.tablename);
        END LOOP;
    END $$;

    CREATE TABLE "Cabinets" (
        "id" INTEGER GENERATED BY DEFAULT AS IDENTITY PRIMARY KEY,
        "nom_cabinet" TEXT NOT NULL,
        "adresse_cabinet" TEXT NULL,
        "code_postal" TEXT NULL,
        "pays_cabinet" TEXT NULL,
        "email_cabinet" TEXT NULL,
        "telephone_cabinet" TEXT NULL,
        "createdAt" TIMESTAMP NOT NULL DEFAULT NOW(),
        "updatedAt" TIMESTAMP NOT NULL DEFAULT NOW(),
        "type" INTEGER NOT NULL DEFAULT 1
    );

    CREATE TABLE "Clients" (
        "id" INTEGER GENERATED BY DEFAULT AS IDENTITY PRIMARY KEY,
        "nom_client" TEXT NOT NULL,
        "reference_client" TEXT NULL,
        "adresse_client" TEXT NULL,
        "code_postal" TEXT NULL,
        "pays_client" TEXT NULL,
        "email_client" TEXT NULL,
        "telephone_client" TEXT NULL,
        "can_write" INTEGER NOT NULL DEFAULT 0,
        "can_read" INTEGER NOT NULL DEFAULT 1,
        "is_blocked" INTEGER NOT NULL DEFAULT 0,
        "createdAt" TIMESTAMP NOT NULL DEFAULT NOW(),
        "updatedAt" TIMESTAMP NOT NULL DEFAULT NOW()
    );

    CREATE TABLE "Brevets" (
        "id_brevet" INTEGER GENERATED BY DEFAULT AS IDENTITY PRIMARY KEY,
        "reference_famille" TEXT NULL,
        "titre" TEXT NULL,
        "commentaire" TEXT NULL,
        "createdAt" TIMESTAMP NOT NULL DEFAULT NOW(),
        "updatedAt" TIMESTAMP NOT NULL DEFAULT NOW()
    );

    CREATE TABLE "Inventeurs" (
        "id" INTEGER GENERATED BY DEFAULT AS IDENTITY PRIMARY KEY,
        "nom" TEXT NULL,
        "prenom" TEXT NULL,
        "adresse" TEXT NULL,
        "telephone" TEXT NULL,
        "email" TEXT NULL,
        "createdAt" TIMESTAMP NOT NULL DEFAULT NOW(),
        "updatedAt" TIMESTAMP NOT NULL DEFAULT NOW()
    );

    CREATE TABLE "Deposants" (
        "id" INTEGER GENERATED BY DEFAULT AS IDENTITY PRIMARY KEY,
        "nom" TEXT NULL,
        "prenom" TEXT NULL,
        "adresse" TEXT NULL,
        "telephone" TEXT NULL,
        "email" TEXT NULL,
        "createdAt" TIMESTAMP NOT NULL DEFAULT NOW(),
        "updatedAt" TIMESTAMP NOT NULL DEFAULT NOW()
    );

    CREATE TABLE "Titulaires" (
        "id" INTEGER GENERATED BY DEFAULT AS IDENTITY PRIMARY KEY,
        "nom" TEXT NULL,
        "prenom" TEXT NULL,
        "adresse" TEXT NULL,
        "telephone" TEXT NULL,
        "email" TEXT NULL,
        "createdAt" TIMESTAMP NOT NULL DEFAULT NOW(),
        "updatedAt" TIMESTAMP NOT NULL DEFAULT NOW()
    );

    CREATE TABLE "Pays" (
        "id" INTEGER GENERATED BY DEFAULT AS IDENTITY PRIMARY KEY,
        "nom_fr_fr" TEXT NOT NULL,
        "code_iso" TEXT NULL,
        "code_iso3" TEXT NULL,
        "createdAt" TIMESTAMP NOT NULL DEFAULT NOW(),
        "updatedAt" TIMESTAMP NOT NULL DEFAULT NOW()
    );

    CREATE TABLE "Statuts" (
        "id" INTEGER GENERATED BY DEFAULT AS IDENTITY PRIMARY KEY,
        "description" TEXT NOT NULL,
        "createdAt" TIMESTAMP NOT NULL DEFAULT NOW(),
        "updatedAt" TIMESTAMP NOT NULL DEFAULT NOW()
    );

    CREATE TABLE "NumeroPays" (
        "id" INTEGER GENERATED BY DEFAULT AS IDENTITY PRIMARY KEY,
        "pays_code" TEXT NOT NULL,
        "numero" TEXT NOT NULL,
        "description" TEXT NULL,
        "is_active" INTEGER NOT NULL DEFAULT 1,
        "created_at" TIMESTAMP NOT NULL DEFAULT NOW(),
        "updated_at" TIMESTAMP NOT NULL DEFAULT NOW(),
        "PaysId" INTEGER NULL
    );

    CREATE TABLE "Roles" (
        "Id" INTEGER GENERATED BY DEFAULT AS IDENTITY PRIMARY KEY,
        "Name" TEXT NOT NULL,
        "Description" TEXT NULL,
        "CreatedAt" TIMESTAMP NOT NULL DEFAULT NOW(),
        "UpdatedAt" TIMESTAMP NOT NULL DEFAULT NOW()
    );

    CREATE TABLE "Users" (
        "id" INTEGER GENERATED BY DEFAULT AS IDENTITY PRIMARY KEY,
        "username" TEXT NOT NULL,
        "email" TEXT NOT NULL,
        "password" TEXT NOT NULL,
        "role" TEXT NOT NULL DEFAULT 'user',
        "canWrite" INTEGER NOT NULL DEFAULT 0,
        "canRead" INTEGER NOT NULL DEFAULT 1,
        "isActive" INTEGER NOT NULL DEFAULT 1,
        "isBlocked" INTEGER NOT NULL DEFAULT 0,
        "nom" TEXT NULL,
        "prenom" TEXT NULL,
        "lastLogin" TIMESTAMP NULL,
        "createdAt" TIMESTAMP NOT NULL DEFAULT NOW(),
        "updatedAt" TIMESTAMP NOT NULL DEFAULT NOW(),
        "clientId" INTEGER NULL
    );

    CREATE TABLE "UserRoles" (
        "Id" INTEGER GENERATED BY DEFAULT AS IDENTITY PRIMARY KEY,
        "UserId" INTEGER NOT NULL,
        "RoleId" INTEGER NOT NULL,
        "ClientId" INTEGER NULL,
        "CreatedAt" TIMESTAMP NOT NULL DEFAULT NOW(),
        "UpdatedAt" TIMESTAMP NOT NULL DEFAULT NOW()
    );

    CREATE TABLE "Contacts" (
        "id" INTEGER GENERATED BY DEFAULT AS IDENTITY PRIMARY KEY,
        "nom" TEXT NULL,
        "prenom" TEXT NULL,
        "email" TEXT NULL,
        "telephone" TEXT NULL,
        "role" TEXT NULL,
        "id_cabinet" INTEGER NULL,
        "id_client" INTEGER NULL,
        "createdAt" TIMESTAMP NOT NULL DEFAULT NOW(),
        "updatedAt" TIMESTAMP NOT NULL DEFAULT NOW(),
        "emails_json" TEXT NOT NULL DEFAULT '[]',
        "phones_json" TEXT NOT NULL DEFAULT '[]',
        "roles_json" TEXT NOT NULL DEFAULT '[]'
    );

    CREATE TABLE "Logs" (
        "id" INTEGER GENERATED BY DEFAULT AS IDENTITY PRIMARY KEY,
        "level" TEXT NOT NULL,
        "message" TEXT NOT NULL,
        "timestamp" TIMESTAMP NOT NULL,
        "userId" TEXT NULL,
        "action" TEXT NULL,
        "table_name" TEXT NULL,
        "record_id" INTEGER NULL,
        "old_values" TEXT NULL,
        "new_values" TEXT NULL,
        "ip_address" TEXT NULL,
        "user_agent" TEXT NULL,
        "created_at" TIMESTAMP NOT NULL DEFAULT NOW(),
        "details" TEXT NULL
    );

    CREATE TABLE "BrevetClients" (
        "id" INTEGER GENERATED BY DEFAULT AS IDENTITY PRIMARY KEY,
        "id_brevet" INTEGER NOT NULL,
        "id_client" INTEGER NOT NULL,
        "createdAt" TIMESTAMP NOT NULL DEFAULT NOW()
    );

    CREATE TABLE "BrevetInventeurs" (
        "id" INTEGER GENERATED BY DEFAULT AS IDENTITY PRIMARY KEY,
        "id_brevet" INTEGER NOT NULL,
        "id_inventeur" INTEGER NOT NULL,
        "createdAt" TIMESTAMP NOT NULL DEFAULT NOW()
    );

    CREATE TABLE "BrevetDeposants" (
        "id" INTEGER GENERATED BY DEFAULT AS IDENTITY PRIMARY KEY,
        "id_brevet" INTEGER NOT NULL,
        "id_deposant" INTEGER NOT NULL,
        "createdAt" TIMESTAMP NOT NULL DEFAULT NOW()
    );

    CREATE TABLE "BrevetTitulaires" (
        "id" INTEGER GENERATED BY DEFAULT AS IDENTITY PRIMARY KEY,
        "id_brevet" INTEGER NOT NULL,
        "id_titulaire" INTEGER NOT NULL,
        "createdAt" TIMESTAMP NOT NULL DEFAULT NOW()
    );

    CREATE TABLE "BrevetCabinets" (
        "id" INTEGER GENERATED BY DEFAULT AS IDENTITY PRIMARY KEY,
        "id_brevet" INTEGER NOT NULL,
        "id_cabinet" INTEGER NOT NULL,
        "createdAt" TIMESTAMP NOT NULL DEFAULT NOW()
    );

    CREATE TABLE "ClientCabinets" (
        "Id" INTEGER GENERATED BY DEFAULT AS IDENTITY PRIMARY KEY,
        "ClientId" INTEGER NOT NULL,
        "CabinetId" INTEGER NOT NULL,
        "Type" TEXT NULL,
        "IsActive" INTEGER NOT NULL DEFAULT 1,
        "CreatedAt" TIMESTAMP NOT NULL DEFAULT NOW(),
        "UpdatedAt" TIMESTAMP NOT NULL DEFAULT NOW()
    );

    CREATE TABLE "InformationsDepot" (
        "id" INTEGER GENERATED BY DEFAULT AS IDENTITY PRIMARY KEY,
        "id_brevet" INTEGER NOT NULL,
        "id_pays" INTEGER NULL,
        "id_statuts" INTEGER NULL,
        "numero_depot" TEXT NULL,
        "numero_publication" TEXT NULL,
        "numero_delivrance" TEXT NULL,
        "date_depot" TIMESTAMP NULL,
        "date_publication" TIMESTAMP NULL,
        "date_delivrance" TIMESTAMP NULL,
        "licence" INTEGER NOT NULL DEFAULT 0,
        "commentaire" TEXT NULL,
        "createdAt" TIMESTAMP NOT NULL DEFAULT NOW(),
        "updatedAt" TIMESTAMP NOT NULL DEFAULT NOW()
    );

    CREATE TABLE "InventeurPays" (
        "id" INTEGER GENERATED BY DEFAULT AS IDENTITY PRIMARY KEY,
        "createdAt" TIMESTAMP NOT NULL DEFAULT NOW(),
        "id_brevet" INTEGER NULL,
        "id_inventeur" INTEGER NOT NULL,
        "id_pays" INTEGER NOT NULL
    );

    CREATE TABLE "DeposantPays" (
        "id" INTEGER GENERATED BY DEFAULT AS IDENTITY PRIMARY KEY,
        "createdAt" TIMESTAMP NOT NULL DEFAULT NOW(),
        "id_brevet" INTEGER NULL,
        "id_deposant" INTEGER NOT NULL,
        "id_pays" INTEGER NOT NULL
    );

    CREATE TABLE "TitulairePays" (
        "id" INTEGER GENERATED BY DEFAULT AS IDENTITY PRIMARY KEY,
        "createdAt" TIMESTAMP NOT NULL DEFAULT NOW(),
        "id_brevet" INTEGER NULL,
        "id_pays" INTEGER NOT NULL,
        "id_titulaire" INTEGER NOT NULL
    );

    CREATE TABLE "InformationDepotCabinets" (
        "id" INTEGER GENERATED BY DEFAULT AS IDENTITY PRIMARY KEY,
        "information_depot_id" INTEGER NOT NULL,
        "cabinet_id" INTEGER NOT NULL,
        "category" INTEGER NOT NULL,
        "createdAt" TIMESTAMP NOT NULL DEFAULT NOW()
    );

    CREATE TABLE "InformationDepotCabinetRoles" (
        "id" INTEGER GENERATED BY DEFAULT AS IDENTITY PRIMARY KEY,
        "information_depot_cabinet_id" INTEGER NOT NULL,
        "role" TEXT NOT NULL
    );

    CREATE TABLE "InformationDepotCabinetContacts" (
        "id" INTEGER GENERATED BY DEFAULT AS IDENTITY PRIMARY KEY,
        "information_depot_cabinet_id" INTEGER NOT NULL,
        "contact_id" INTEGER NOT NULL
    );



    INSERT INTO "Cabinets" (id, nom_cabinet, adresse_cabinet, code_postal, pays_cabinet, email_cabinet, telephone_cabinet, createdAt, updatedAt, type) VALUES
    (13,'Renouv''IP France','42 Rue de Rivoli','75001','France','contact@renouvip.fr','+33 1 42 97 45 32','2025-08-05 09:30:08.0259259','2025-08-05 09:30:08.0259264',1),
    (14,'European Patent Renewals Ltd','10 Downing Street','SW1A 2AA','Royaume-Uni','renewals@epr.co.uk','+44 20 7219 3000','2025-08-05 09:30:08.0260301','2025-08-05 09:30:08.0260301',1),
    (15,'LexIP Avocats','15 Boulevard Saint-Germain','75005','France','cabinet@lexip.fr','+33 1 44 32 18 76','2025-08-05 09:30:08.0260305','2025-08-05 09:30:08.0260305',2),
    (16,'Müller & Associates Patentanwälte','Unter den Linden 77','10117','Allemagne','info@muller-patents.de','+49 30 2062 2850','2025-08-05 09:30:08.0260308','2025-08-05 09:30:08.0260308',2),
    (17,'test cabinet','12 impasse Mariette','30000','France','clementmozin@gmail.com','+33621230263','2025-08-08 09:19:39.3094724','2025-08-08 09:19:39.3094725',1),
    (18,'test','12 impasse Mariette','30000','France','clementmozin@gmail.com','+33621230263','2025-08-19 09:50:46.9828746','2025-08-19 09:50:46.9828749',1),
    (19,'test2','4 Rue Descartes','30000','France','clementmozin@gmail.com','+33621230263','2025-08-19 13:15:37.7129361','2025-08-19 13:15:37.7129364',1);

    INSERT INTO "Clients" (id, nom_client, reference_client, adresse_client, code_postal, pays_client, email_client, telephone_client, can_write, can_read, is_blocked, createdAt, updatedAt) VALUES
    (13,'client de test','testref',NULL,NULL,NULL,NULL,NULL,0,1,0,'2025-08-08 08:54:48.0640456','2025-08-18 12:41:20.6073051'),
    (14,'Aryballe',NULL,NULL,NULL,NULL,NULL,NULL,0,1,0,'2025-08-19 10:30:59.4157582','2025-08-19 10:30:59.4157785');

    INSERT INTO "Deposants" (id, nom, prenom, adresse, telephone, email, createdAt, updatedAt) VALUES
    (246,'GlobalTech Innovation',NULL,'123 Innovation Boulevard','+33 1 55 43 21 87','contact@globaltech-innovation.com','2025-08-05 09:30:08.6465327','2025-08-05 09:30:08.6465459'),
    (247,'International Patent Services',NULL,'701 Legal Street, Floor 8, Paris','+33 1 66 54 97 70','filing@international.com','2025-08-05 09:30:08.6618889','2025-08-05 09:30:08.6618889'),
    (248,'GlobalTech Innovation',NULL,'123 Innovation Boulevard','+33 1 55 43 21 87','contact@globaltech-innovation.com','2025-08-05 09:30:08.6721206','2025-08-05 09:30:08.6721207'),
    (249,'Global Filing Solutions',NULL,'407 Legal Street, Floor 9, Paris','+33 1 56 79 44 95','filing@global.com','2025-08-05 09:30:08.6733205','2025-08-05 09:30:08.6733206'),
    (250,'GlobalTech Innovation',NULL,'123 Innovation Boulevard','+33 1 55 43 21 87','contact@globaltech-innovation.com','2025-08-05 09:30:08.6806509','2025-08-05 09:30:08.6806509'),
    (251,'IP Management Corporation',NULL,'184 Legal Street, Floor 19, Paris','+33 1 66 33 32 73','filing@ip.com','2025-08-05 09:30:08.681894','2025-08-05 09:30:08.6818941'),
    (252,'GlobalTech Innovation',NULL,'123 Innovation Boulevard','+33 1 55 43 21 87','contact@globaltech-innovation.com','2025-08-05 09:30:08.6891177','2025-08-05 09:30:08.6891178'),
    (253,'International Patent Services',NULL,'45 Legal Street, Floor 18, Paris','+33 1 56 77 85 11','filing@international.com','2025-08-05 09:30:08.6902292','2025-08-05 09:30:08.6902293'),
    (254,'GlobalTech Innovation',NULL,'123 Innovation Boulevard','+33 1 55 43 21 87','contact@globaltech-innovation.com','2025-08-05 09:30:08.6967606','2025-08-05 09:30:08.6967606'),
    (255,'International Patent Services',NULL,'540 Legal Street, Floor 6, Paris','+33 1 84 59 66 90','filing@international.com','2025-08-05 09:30:08.6978055','2025-08-05 09:30:08.6978056'),
    (256,'GlobalTech Innovation',NULL,'123 Innovation Boulevard','+33 1 55 43 21 87','contact@globaltech-innovation.com','2025-08-05 09:30:08.7045609','2025-08-05 09:30:08.704561'),
    (257,'Patent Filing Services SA',NULL,'628 Legal Street, Floor 14, Paris','+33 1 97 45 60 24','filing@patent.com','2025-08-05 09:30:08.7056493','2025-08-05 09:30:08.7056494'),
    (258,'GlobalTech Innovation',NULL,'123 Innovation Boulevard','+33 1 55 43 21 87','contact@globaltech-innovation.com','2025-08-05 09:30:08.713202','2025-08-05 09:30:08.7132021'),
    (259,'IP Management Corporation',NULL,'959 Legal Street, Floor 15, Paris','+33 1 49 38 29 97','filing@ip.com','2025-08-05 09:30:08.7144034','2025-08-05 09:30:08.7144034'),
    (260,'GlobalTech Innovation',NULL,'123 Innovation Boulevard','+33 1 55 43 21 87','contact@globaltech-innovation.com','2025-08-05 09:30:08.7218262','2025-08-05 09:30:08.7218263'),
    (261,'Global Filing Solutions',NULL,'835 Legal Street, Floor 16, Paris','+33 1 24 27 73 18','filing@global.com','2025-08-05 09:30:08.7231206','2025-08-05 09:30:08.7231206'),
    (262,'GlobalTech Innovation',NULL,'123 Innovation Boulevard','+33 1 55 43 21 87','contact@globaltech-innovation.com','2025-08-05 09:30:08.7309329','2025-08-05 09:30:08.7309329'),
    (263,'Strategic IP Partners France',NULL,'690 Legal Street, Floor 3, Paris','+33 1 39 65 90 36','filing@strategic.com','2025-08-05 09:30:08.7322021','2025-08-05 09:30:08.7322021'),
    (264,'GlobalTech Innovation',NULL,'123 Innovation Boulevard','+33 1 55 43 21 87','contact@globaltech-innovation.com','2025-08-05 09:30:08.7404219','2025-08-05 09:30:08.7404219'),
    (265,'Legal Representatives SARL',NULL,'346 Legal Street, Floor 19, Paris','+33 1 20 91 72 81','filing@legal.com','2025-08-05 09:30:08.7417731','2025-08-05 09:30:08.7417731'),
    (266,'MOZIN','Clément',NULL,NULL,'clementmozin@gmail.com','2025-08-18 13:55:37.1239733','2025-08-18 13:55:37.1239739'),
    (267,'MOZIN','Clément',NULL,NULL,'clementmozin@gmail.com','2025-08-19 15:03:53.7138584','2025-08-19 15:03:53.7138585');

    INSERT INTO "Inventeurs" (id, nom, prenom, adresse, telephone, email, createdAt, updatedAt) VALUES
    (420,'Johnson','Charlie','510 Innovation Boulevard, Lab 49','+33 1 28 45 82 13','inventeur.38.1@globaltech-innovation.com','2025-08-05 09:30:08.6089322','2025-08-05 09:30:08.6089448'),
    (421,'Jones','Kevin','244 Innovation Boulevard, Lab 20','+33 1 39 74 78 45','inventeur.38.2@globaltech-innovation.com','2025-08-05 09:30:08.6268933','2025-08-05 09:30:08.6268934'),
    (422,'Brown','Diana','18 Innovation Boulevard, Lab 78','+33 1 44 37 85 33','inventeur.39.1@globaltech-innovation.com','2025-08-05 09:30:08.6674245','2025-08-05 09:30:08.6674245'),
    (423,'Anderson','Helen','705 Innovation Boulevard, Lab 34','+33 1 53 47 34 69','inventeur.39.2@globaltech-innovation.com','2025-08-05 09:30:08.6686073','2025-08-05 09:30:08.6686074'),
    (424,'Anderson','Marcus','139 Innovation Boulevard, Lab 23','+33 1 42 29 74 19','inventeur.40.1@globaltech-innovation.com','2025-08-05 09:30:08.6757149','2025-08-05 09:30:08.675715'),
    (425,'Martinez','Alice','540 Innovation Boulevard, Lab 43','+33 1 12 16 43 46','inventeur.40.2@globaltech-innovation.com','2025-08-05 09:30:08.6769266','2025-08-05 09:30:08.6769267'),
    (426,'Johnson','Fiona','104 Innovation Boulevard, Lab 32','+33 1 71 75 48 27','inventeur.41.1@globaltech-innovation.com','2025-08-05 09:30:08.6844393','2025-08-05 09:30:08.6844394'),
    (427,'Williams','Diana','134 Innovation Boulevard, Lab 99','+33 1 67 49 20 86','inventeur.41.2@globaltech-innovation.com','2025-08-05 09:30:08.6857026','2025-08-05 09:30:08.6857027'),
    (428,'Jones','Alice','155 Innovation Boulevard, Lab 99','+33 1 69 64 39 92','inventeur.42.1@globaltech-innovation.com','2025-08-05 09:30:08.692576','2025-08-05 09:30:08.6925761'),
    (429,'Miller','Alice','467 Innovation Boulevard, Lab 49','+33 1 29 73 76 73','inventeur.42.2@globaltech-innovation.com','2025-08-05 09:30:08.6936069','2025-08-05 09:30:08.693607'),
    (430,'Smith','Paula','691 Innovation Boulevard, Lab 17','+33 1 61 79 28 19','inventeur.43.1@globaltech-innovation.com','2025-08-05 09:30:08.7000321','2025-08-05 09:30:08.7000321'),
    (431,'Garcia','Diana','248 Innovation Boulevard, Lab 71','+33 1 10 67 60 21','inventeur.43.2@globaltech-innovation.com','2025-08-05 09:30:08.7012062','2025-08-05 09:30:08.7012062'),
    (432,'Anderson','Bob','851 Innovation Boulevard, Lab 99','+33 1 95 82 13 49','inventeur.44.1@globaltech-innovation.com','2025-08-05 09:30:08.7082015','2025-08-05 09:30:08.7082016'),
    (433,'Taylor','Diana','410 Innovation Boulevard, Lab 46','+33 1 88 30 89 22','inventeur.44.2@globaltech-innovation.com','2025-08-05 09:30:08.7095942','2025-08-05 09:30:08.7095943'),
    (434,'Garcia','Ivan','318 Innovation Boulevard, Lab 20','+33 1 91 91 71 47','inventeur.45.1@globaltech-innovation.com','2025-08-05 09:30:08.7169625','2025-08-05 09:30:08.7169626'),
    (435,'Miller','George','525 Innovation Boulevard, Lab 5','+33 1 33 46 14 12','inventeur.45.2@globaltech-innovation.com','2025-08-05 09:30:08.7181474','2025-08-05 09:30:08.7181475'),
    (436,'Johnson','Helen','115 Innovation Boulevard, Lab 93','+33 1 10 86 51 48','inventeur.46.1@globaltech-innovation.com','2025-08-05 09:30:08.7257042','2025-08-05 09:30:08.7257043'),
    (437,'White','George','210 Innovation Boulevard, Lab 42','+33 1 48 81 66 63','inventeur.46.2@globaltech-innovation.com','2025-08-05 09:30:08.7270152','2025-08-05 09:30:08.7270152'),
    (438,'Miller','Laura','591 Innovation Boulevard, Lab 60','+33 1 70 61 88 94','inventeur.47.1@globaltech-innovation.com','2025-08-05 09:30:08.7349361','2025-08-05 09:30:08.7349361'),
    (439,'Wilson','Charlie','107 Innovation Boulevard, Lab 92','+33 1 54 19 75 51','inventeur.47.2@globaltech-innovation.com','2025-08-05 09:30:08.7362269','2025-08-05 09:30:08.7362269'),
    (440,'MOZIN','Clément',NULL,NULL,'clementmozin@gmail.com','2025-08-18 13:55:20.809856','2025-08-18 13:55:20.8098562'),
    (441,'MOZIN','Clément',NULL,NULL,'clementmozin@gmail.com','2025-08-19 15:03:41.4439426','2025-08-19 15:03:41.4439428');

    INSERT INTO "Titulaires" (id, nom, prenom, adresse, telephone, email, createdAt, updatedAt) VALUES
    (240,'GlobalTech Innovation',NULL,'123 Innovation Boulevard','+33 1 55 43 21 87','contact@globaltech-innovation.com','2025-08-05 09:30:08.6289766','2025-08-05 09:30:08.6289881'),
    (241,'Global Patents Corporation',NULL,'415 Business Avenue, Suite 177, Paris','+33 1 67 89 37 16','legal@global.com','2025-08-05 09:30:08.6447814','2025-08-05 09:30:08.6447816'),
    (242,'GlobalTech Innovation',NULL,'123 Innovation Boulevard','+33 1 55 43 21 87','contact@globaltech-innovation.com','2025-08-05 09:30:08.6698034','2025-08-05 09:30:08.6698035'),
    (243,'Advanced R&D Solutions',NULL,'223 Business Avenue, Suite 815, Paris','+33 1 51 59 24 91','legal@advanced.com','2025-08-05 09:30:08.6710324','2025-08-05 09:30:08.6710324'),
    (244,'GlobalTech Innovation',NULL,'123 Innovation Boulevard','+33 1 55 43 21 87','contact@globaltech-innovation.com','2025-08-05 09:30:08.678267','2025-08-05 09:30:08.6782671'),
    (245,'Advanced R&D Solutions',NULL,'671 Business Avenue, Suite 824, Paris','+33 1 44 74 64 26','legal@advanced.com','2025-08-05 09:30:08.6795073','2025-08-05 09:30:08.6795073'),
    (246,'GlobalTech Innovation',NULL,'123 Innovation Boulevard','+33 1 55 43 21 87','contact@globaltech-innovation.com','2025-08-05 09:30:08.6868432','2025-08-05 09:30:08.6868432'),
    (247,'Innovation Partners France',NULL,'733 Business Avenue, Suite 994, Paris','+33 1 66 76 34 44','legal@innovation.com','2025-08-05 09:30:08.6880403','2025-08-05 09:30:08.6880403'),
    (248,'GlobalTech Innovation',NULL,'123 Innovation Boulevard','+33 1 55 43 21 87','contact@globaltech-innovation.com','2025-08-05 09:30:08.6946659','2025-08-05 09:30:08.694666'),
    (249,'Tech Ventures Europe',NULL,'240 Business Avenue, Suite 377, Paris','+33 1 59 80 39 39','legal@tech.com','2025-08-05 09:30:08.6956802','2025-08-05 09:30:08.6956802'),
    (250,'GlobalTech Innovation',NULL,'123 Innovation Boulevard','+33 1 55 43 21 87','contact@globaltech-innovation.com','2025-08-05 09:30:08.7023186','2025-08-05 09:30:08.7023187'),
    (251,'Future Tech Alliance',NULL,'781 Business Avenue, Suite 620, Paris','+33 1 57 86 96 58','legal@future.com','2025-08-05 09:30:08.7034197','2025-08-05 09:30:08.7034198'),
    (252,'GlobalTech Innovation',NULL,'123 Innovation Boulevard','+33 1 55 43 21 87','contact@globaltech-innovation.com','2025-08-05 09:30:08.7108541','2025-08-05 09:30:08.7108541'),
    (253,'Advanced R&D Solutions',NULL,'387 Business Avenue, Suite 789, Paris','+33 1 19 60 28 15','legal@advanced.com','2025-08-05 09:30:08.7120022','2025-08-05 09:30:08.7120022'),
    (254,'GlobalTech Innovation',NULL,'123 Innovation Boulevard','+33 1 55 43 21 87','contact@globaltech-innovation.com','2025-08-05 09:30:08.719382','2025-08-05 09:30:08.719382'),
    (255,'Tech Ventures Europe',NULL,'56 Business Avenue, Suite 489, Paris','+33 1 51 13 69 55','legal@tech.com','2025-08-05 09:30:08.7206233','2025-08-05 09:30:08.7206234'),
    (256,'GlobalTech Innovation',NULL,'123 Innovation Boulevard','+33 1 55 43 21 87','contact@globaltech-innovation.com','2025-08-05 09:30:08.7283271','2025-08-05 09:30:08.7283272'),
    (257,'Advanced R&D Solutions',NULL,'685 Business Avenue, Suite 957, Paris','+33 1 22 38 94 15','legal@advanced.com','2025-08-05 09:30:08.7296066','2025-08-05 09:30:08.7296066'),
    (258,'GlobalTech Innovation',NULL,'123 Innovation Boulevard','+33 1 55 43 21 87','contact@globaltech-innovation.com','2025-08-05 09:30:08.7376491','2025-08-05 09:30:08.7376492'),
    (259,'Advanced R&D Solutions',NULL,'535 Business Avenue, Suite 162, Paris','+33 1 40 88 68 60','legal@advanced.com','2025-08-05 09:30:08.7390536','2025-08-05 09:30:08.7390537'),
    (260,'Clément MOZIN',NULL,NULL,NULL,'clementmozin@gmail.com','2025-08-18 13:55:29.4888732','2025-08-18 13:55:29.4888736'),
    (261,'Clément MOZIN',NULL,NULL,NULL,'clementmozin@gmail.com','2025-08-19 15:03:47.5296802','2025-08-19 15:03:47.5296805');

    INSERT INTO "Statuts" (id, description, createdAt, updatedAt) VALUES
    (1,'En préparation','2025-08-01 09:24:29','2025-08-01 09:24:29'),
    (2,'Déposé','2025-08-01 09:24:29','2025-08-01 09:24:29'),
    (3,'En cours d''examen','2025-08-01 09:24:29','2025-08-01 09:24:29'),
    (4,'Accordé','2025-08-01 09:24:29','2025-08-01 09:24:29'),
    (5,'Rejeté','2025-08-01 09:24:29','2025-08-01 09:24:29'),
    (6,'Abandonné','2025-08-01 09:24:29','2025-08-01 09:24:29'),
    (7,'Expiré','2025-08-01 09:24:29','2025-08-01 09:24:29'),
    (8,'Opposition','2025-08-01 09:24:29','2025-08-01 09:24:29'),
    (9,'Révoqué','2025-08-01 09:24:29','2025-08-01 09:24:29'),
    (10,'Maintenu','2025-08-01 09:24:29','2025-08-01 09:24:29');

    INSERT INTO "Pays" (id, nom_fr_fr, code_iso, code_iso3, createdAt, updatedAt) VALUES
    (1,'Afghanistan','AF','AFG','2025-08-01 09:24:20','2025-08-01 09:24:20'),
    (2,'Albanie','AL','ALB','2025-08-01 09:24:20','2025-08-01 09:24:20'),
    (3,'Antarctique','AQ','ATA','2025-08-01 09:24:20','2025-08-01 09:24:20'),
    (4,'Algérie','DZ','DZA','2025-08-01 09:24:20','2025-08-01 09:24:20'),
    (5,'Samoa Américaines','AS','ASM','2025-08-01 09:24:20','2025-08-01 09:24:20'),
    (6,'Andorre','AD','AND','2025-08-01 09:24:20','2025-08-01 09:24:20'),
    (7,'Angola','AO','AGO','2025-08-01 09:24:20','2025-08-01 09:24:20'),
    (8,'Antigua-et-Barbuda','AG','ATG','2025-08-01 09:24:20','2025-08-01 09:24:20'),
    (9,'Azerbaïdjan','AZ','AZE','2025-08-01 09:24:20','2025-08-01 09:24:20'),
    (10,'Argentine','AR','ARG','2025-08-01 09:24:20','2025-08-01 09:24:20'),
    (11,'Australie','AU','AUS','2025-08-01 09:24:20','2025-08-01 09:24:20'),
    (12,'Autriche','AT','AUT','2025-08-01 09:24:20','2025-08-01 09:24:20'),
    (13,'Bahamas','BS','BHS','2025-08-01 09:24:20','2025-08-01 09:24:20'),
    (14,'Bahreïn','BH','BHR','2025-08-01 09:24:20','2025-08-01 09:24:20'),
    (15,'Bangladesh','BD','BGD','2025-08-01 09:24:20','2025-08-01 09:24:20'),
    (16,'Arménie','AM','ARM','2025-08-01 09:24:20','2025-08-01 09:24:20'),
    (17,'Barbade','BB','BRB','2025-08-01 09:24:20','2025-08-01 09:24:20'),
    (18,'Belgique','BE','BEL','2025-08-01 09:24:20','2025-08-01 09:24:20'),
    (19,'Bermudes','BM','BMU','2025-08-01 09:24:20','2025-08-01 09:24:20'),
    (20,'Bhoutan','BT','BTN','2025-08-01 09:24:20','2025-08-01 09:24:20'),
    (21,'Bolivie','BO','BOL','2025-08-01 09:24:20','2025-08-01 09:24:20'),
    (22,'Bosnie-Herzégovine','BA','BIH','2025-08-01 09:24:20','2025-08-01 09:24:20'),
    (23,'Botswana','BW','BWA','2025-08-01 09:24:20','2025-08-01 09:24:20'),
    (24,'Île Bouvet','BV','BVT','2025-08-01 09:24:20','2025-08-01 09:24:20'),
    (25,'Brésil','BR','BRA','2025-08-01 09:24:20','2025-08-01 09:24:20'),
    (26,'Belize','BZ','BLZ','2025-08-01 09:24:20','2025-08-01 09:24:20'),
    (27,'Territoire Britannique de l''Océan Indien','IO','IOT','2025-08-01 09:24:20','2025-08-01 09:24:20'),
    (28,'Îles Salomon','SB','SLB','2025-08-01 09:24:20','2025-08-01 09:24:20'),
    (29,'Îles Vierges Britanniques','VG','VGB','2025-08-01 09:24:20','2025-08-01 09:24:20'),
    (30,'Brunéi Darussalam','BN','BRN','2025-08-01 09:24:20','2025-08-01 09:24:20'),
    (31,'Bulgarie','BG','BGR','2025-08-01 09:24:20','2025-08-01 09:24:20'),
    (32,'Myanmar','MM','MMR','2025-08-01 09:24:20','2025-08-01 09:24:20'),
    (33,'Burundi','BI','BDI','2025-08-01 09:24:20','2025-08-01 09:24:20'),
    (34,'Bélarus','BY','BLR','2025-08-01 09:24:20','2025-08-01 09:24:20'),
    (35,'Cambodge','KH','KHM','2025-08-01 09:24:20','2025-08-01 09:24:20'),
    (36,'Cameroun','CM','CMR','2025-08-01 09:24:20','2025-08-01 09:24:20'),
    (37,'Canada','CA','CAN','2025-08-01 09:24:20','2025-08-01 09:24:20'),
    (38,'Cap-vert','CV','CPV','2025-08-01 09:24:20','2025-08-01 09:24:20'),
    (39,'Îles Caïmanes','KY','CYM','2025-08-01 09:24:20','2025-08-01 09:24:20'),
    (40,'République Centrafricaine','CF','CAF','2025-08-01 09:24:20','2025-08-01 09:24:20'),
    (41,'Sri Lanka','LK','LKA','2025-08-01 09:24:20','2025-08-01 09:24:20'),
    (42,'Tchad','TD','TCD','2025-08-01 09:24:20','2025-08-01 09:24:20'),
    (43,'Chili','CL','CHL','2025-08-01 09:24:20','2025-08-01 09:24:20'),
    (44,'Chine','CN','CHN','2025-08-01 09:24:20','2025-08-01 09:24:20'),
    (45,'Taïwan','TW','TWN','2025-08-01 09:24:20','2025-08-01 09:24:20'),
    (46,'Île Christmas','CX','CXR','2025-08-01 09:24:20','2025-08-01 09:24:20'),
    (47,'Îles Cocos (Keeling)','CC','CCK','2025-08-01 09:24:20','2025-08-01 09:24:20'),
    (48,'Colombie','CO','COL','2025-08-01 09:24:20','2025-08-01 09:24:20'),
    (49,'Comores','KM','COM','2025-08-01 09:24:20','2025-08-01 09:24:20'),
    (50,'Mayotte','YT','MYT','2025-08-01 09:24:20','2025-08-01 09:24:20'),
    (51,'République du Congo','CG','COG','2025-08-01 09:24:20','2025-08-01 09:24:20'),
    (52,'République Démocratique du Congo','CD','COD','2025-08-01 09:24:20','2025-08-01 09:24:20'),
    (53,'Îles Cook','CK','COK','2025-08-01 09:24:20','2025-08-01 09:24:20'),
    (54,'Costa Rica','CR','CRI','2025-08-01 09:24:20','2025-08-01 09:24:20'),
    (55,'Croatie','HR','HRV','2025-08-01 09:24:20','2025-08-01 09:24:20'),
    (56,'Cuba','CU','CUB','2025-08-01 09:24:20','2025-08-01 09:24:20'),
    (57,'Chypre','CY','CYP','2025-08-01 09:24:20','2025-08-01 09:24:20'),
    (58,'République Tchèque','CZ','CZE','2025-08-01 09:24:20','2025-08-01 09:24:20'),
    (59,'Bénin','BJ','BEN','2025-08-01 09:24:20','2025-08-01 09:24:20'),
    (60,'Danemark','DK','DNK','2025-08-01 09:24:20','2025-08-01 09:24:20'),
    (61,'Dominique','DM','DMA','2025-08-01 09:24:20','2025-08-01 09:24:20'),
    (62,'République Dominicaine','DO','DOM','2025-08-01 09:24:20','2025-08-01 09:24:20'),
    (63,'Équateur','EC','ECU','2025-08-01 09:24:20','2025-08-01 09:24:20'),
    (64,'El Salvador','SV','SLV','2025-08-01 09:24:20','2025-08-01 09:24:20'),
    (65,'Guinée Équatoriale','GQ','GNQ','2025-08-01 09:24:20','2025-08-01 09:24:20'),
    (66,'Éthiopie','ET','ETH','2025-08-01 09:24:20','2025-08-01 09:24:20'),
    (67,'Érythrée','ER','ERI','2025-08-01 09:24:20','2025-08-01 09:24:20'),
    (68,'Estonie','EE','EST','2025-08-01 09:24:20','2025-08-01 09:24:20'),
    (69,'Îles Féroé','FO','FRO','2025-08-01 09:24:20','2025-08-01 09:24:20'),
    (70,'Îles (malvinas) Falkland','FK','FLK','2025-08-01 09:24:20','2025-08-01 09:24:20'),
    (71,'Géorgie du Sud et les Îles Sandwich du Sud','GS','SGS','2025-08-01 09:24:20','2025-08-01 09:24:20'),
    (72,'Fidji','FJ','FJI','2025-08-01 09:24:20','2025-08-01 09:24:20'),
    (73,'Finlande','FI','FIN','2025-08-01 09:24:20','2025-08-01 09:24:20'),
    (74,'Îles Åland','AX','ALA','2025-08-01 09:24:20','2025-08-01 09:24:20'),
    (75,'France','FR','FRA','2025-08-01 09:24:20','2025-08-01 09:24:20'),
    (76,'Guyane Française','GF','GUF','2025-08-01 09:24:20','2025-08-01 09:24:20'),
    (77,'Polynésie Française','PF','PYF','2025-08-01 09:24:20','2025-08-01 09:24:20'),
    (78,'Terres Australes Françaises','TF','ATF','2025-08-01 09:24:20','2025-08-01 09:24:20'),
    (79,'Djibouti','DJ','DJI','2025-08-01 09:24:20','2025-08-01 09:24:20'),
    (80,'Gabon','GA','GAB','2025-08-01 09:24:20','2025-08-01 09:24:20'),
    (81,'Géorgie','GE','GEO','2025-08-01 09:24:20','2025-08-01 09:24:20'),
    (82,'Gambie','GM','GMB','2025-08-01 09:24:20','2025-08-01 09:24:20'),
    (83,'Territoire Palestinien Occupé','PS','PSE','2025-08-01 09:24:20','2025-08-01 09:24:20'),
    (84,'Allemagne','DE','DEU','2025-08-01 09:24:20','2025-08-01 09:24:20'),
    (85,'Ghana','GH','GHA','2025-08-01 09:24:20','2025-08-01 09:24:20'),
    (86,'Gibraltar','GI','GIB','2025-08-01 09:24:20','2025-08-01 09:24:20'),
    (87,'Kiribati','KI','KIR','2025-08-01 09:24:20','2025-08-01 09:24:20'),
    (88,'Grèce','GR','GRC','2025-08-01 09:24:20','2025-08-01 09:24:20'),
    (89,'Groenland','GL','GRL','2025-08-01 09:24:20','2025-08-01 09:24:20'),
    (90,'Grenade','GD','GRD','2025-08-01 09:24:20','2025-08-01 09:24:20'),
    (91,'Guadeloupe','GP','GLP','2025-08-01 09:24:20','2025-08-01 09:24:20'),
    (92,'Guam','GU','GUM','2025-08-01 09:24:20','2025-08-01 09:24:20'),
    (93,'Guatemala','GT','GTM','2025-08-01 09:24:20','2025-08-01 09:24:20'),
    (94,'Guinée','GN','GIN','2025-08-01 09:24:20','2025-08-01 09:24:20'),
    (95,'Guyana','GY','GUY','2025-08-01 09:24:20','2025-08-01 09:24:20'),
    (96,'Haïti','HT','HTI','2025-08-01 09:24:20','2025-08-01 09:24:20'),
    (97,'Îles Heard et Mcdonald','HM','HMD','2025-08-01 09:24:20','2025-08-01 09:24:20'),
    (98,'Saint-Siège (État de la Cité du Vatican)','VA','VAT','2025-08-01 09:24:20','2025-08-01 09:24:20'),
    (99,'Honduras','HN','HND','2025-08-01 09:24:20','2025-08-01 09:24:20'),
    (100,'Hong-Kong','HK','HKG','2025-08-01 09:24:20','2025-08-01 09:24:20'),
    (101,'Hongrie','HU','HUN','2025-08-01 09:24:20','2025-08-01 09:24:20'),
    (102,'Islande','IS','ISL','2025-08-01 09:24:20','2025-08-01 09:24:20'),
    (103,'Inde','IN','IND','2025-08-01 09:24:20','2025-08-01 09:24:20'),
    (104,'Indonésie','ID','IDN','2025-08-01 09:24:20','2025-08-01 09:24:20'),
    (105,'République Islamique d''Iran','IR','IRN','2025-08-01 09:24:20','2025-08-01 09:24:20'),
    (106,'Iraq','IQ','IRQ','2025-08-01 09:24:20','2025-08-01 09:24:20'),
    (107,'Irlande','IE','IRL','2025-08-01 09:24:20','2025-08-01 09:24:20'),
    (108,'Israël','IL','ISR','2025-08-01 09:24:20','2025-08-01 09:24:20'),
    (109,'Italie','IT','ITA','2025-08-01 09:24:20','2025-08-01 09:24:20'),
    (110,'Côte d''Ivoire','CI','CIV','2025-08-01 09:24:20','2025-08-01 09:24:20'),
    (111,'Jamaïque','JM','JAM','2025-08-01 09:24:20','2025-08-01 09:24:20'),
    (112,'Japon','JP','JPN','2025-08-01 09:24:20','2025-08-01 09:24:20'),
    (113,'Kazakhstan','KZ','KAZ','2025-08-01 09:24:20','2025-08-01 09:24:20'),
    (114,'Jordanie','JO','JOR','2025-08-01 09:24:20','2025-08-01 09:24:20'),
    (115,'Kenya','KE','KEN','2025-08-01 09:24:20','2025-08-01 09:24:20'),
    (116,'République Populaire Démocratique de Corée','KP','PRK','2025-08-01 09:24:20','2025-08-01 09:24:20'),
    (117,'République de Corée','KR','KOR','2025-08-01 09:24:20','2025-08-01 09:24:20'),
    (118,'Koweït','KW','KWT','2025-08-01 09:24:20','2025-08-01 09:24:20'),
    (119,'Kirghizistan','KG','KGZ','2025-08-01 09:24:20','2025-08-01 09:24:20'),
    (120,'République Démocratique Populaire Lao','LA','LAO','2025-08-01 09:24:20','2025-08-01 09:24:20'),
    (121,'Liban','LB','LBN','2025-08-01 09:24:20','2025-08-01 09:24:20'),
    (122,'Lesotho','LS','LSO','2025-08-01 09:24:20','2025-08-01 09:24:20'),
    (123,'Lettonie','LV','LVA','2025-08-01 09:24:20','2025-08-01 09:24:20'),
    (124,'Libéria','LR','LBR','2025-08-01 09:24:20','2025-08-01 09:24:20'),
    (125,'Jamahiriya Arabe Libyenne','LY','LBY','2025-08-01 09:24:20','2025-08-01 09:24:20'),
    (126,'Liechtenstein','LI','LIE','2025-08-01 09:24:20','2025-08-01 09:24:20'),
    (127,'Lituanie','LT','LTU','2025-08-01 09:24:20','2025-08-01 09:24:20'),
    (128,'Luxembourg','LU','LUX','2025-08-01 09:24:20','2025-08-01 09:24:20'),
    (129,'Macao','MO','MAC','2025-08-01 09:24:20','2025-08-01 09:24:20'),
    (130,'Madagascar','MG','MDG','2025-08-01 09:24:20','2025-08-01 09:24:20'),
    (131,'Malawi','MW','MWI','2025-08-01 09:24:20','2025-08-01 09:24:20'),
    (132,'Malaisie','MY','MYS','2025-08-01 09:24:20','2025-08-01 09:24:20'),
    (133,'Maldives','MV','MDV','2025-08-01 09:24:20','2025-08-01 09:24:20'),
    (134,'Mali','ML','MLI','2025-08-01 09:24:20','2025-08-01 09:24:20'),
    (135,'Malte','MT','MLT','2025-08-01 09:24:20','2025-08-01 09:24:20'),
    (136,'Martinique','MQ','MTQ','2025-08-01 09:24:20','2025-08-01 09:24:20'),
    (137,'Mauritanie','MR','MRT','2025-08-01 09:24:20','2025-08-01 09:24:20'),
    (138,'Maurice','MU','MUS','2025-08-01 09:24:20','2025-08-01 09:24:20'),
    (139,'Mexique','MX','MEX','2025-08-01 09:24:20','2025-08-01 09:24:20'),
    (140,'Monaco','MC','MCO','2025-08-01 09:24:20','2025-08-01 09:24:20'),
    (141,'Mongolie','MN','MNG','2025-08-01 09:24:20','2025-08-01 09:24:20'),
    (142,'République de Moldova','MD','MDA','2025-08-01 09:24:20','2025-08-01 09:24:20'),
    (143,'Montserrat','MS','MSR','2025-08-01 09:24:20','2025-08-01 09:24:20'),
    (144,'Maroc','MA','MAR','2025-08-01 09:24:20','2025-08-01 09:24:20'),
    (145,'Mozambique','MZ','MOZ','2025-08-01 09:24:20','2025-08-01 09:24:20'),
    (146,'Oman','OM','OMN','2025-08-01 09:24:20','2025-08-01 09:24:20'),
    (147,'Namibie','NA','NAM','2025-08-01 09:24:20','2025-08-01 09:24:20'),
    (148,'Nauru','NR','NRU','2025-08-01 09:24:20','2025-08-01 09:24:20'),
    (149,'Népal','NP','NPL','2025-08-01 09:24:20','2025-08-01 09:24:20'),
    (150,'Pays-Bas','NL','NLD','2025-08-01 09:24:20','2025-08-01 09:24:20'),
    (151,'Antilles Néerlandaises','AN','ANT','2025-08-01 09:24:20','2025-08-01 09:24:20'),
    (152,'Aruba','AW','ABW','2025-08-01 09:24:20','2025-08-01 09:24:20'),
    (153,'Nouvelle-Calédonie','NC','NCL','2025-08-01 09:24:20','2025-08-01 09:24:20'),
    (154,'Vanuatu','VU','VUT','2025-08-01 09:24:20','2025-08-01 09:24:20'),
    (155,'Nouvelle-Zélande','NZ','NZL','2025-08-01 09:24:20','2025-08-01 09:24:20'),
    (156,'Nicaragua','NI','NIC','2025-08-01 09:24:20','2025-08-01 09:24:20'),
    (157,'Niger','NE','NER','2025-08-01 09:24:20','2025-08-01 09:24:20'),
    (158,'Nigéria','NG','NGA','2025-08-01 09:24:20','2025-08-01 09:24:20'),
    (159,'Niue','NU','NIU','2025-08-01 09:24:20','2025-08-01 09:24:20'),
    (160,'Île Norfolk','NF','NFK','2025-08-01 09:24:20','2025-08-01 09:24:20'),
    (161,'Norvège','NO','NOR','2025-08-01 09:24:20','2025-08-01 09:24:20'),
    (162,'Îles Mariannes du Nord','MP','MNP','2025-08-01 09:24:20','2025-08-01 09:24:20'),
    (163,'Îles Mineures Éloignées des États-Unis','UM','UMI','2025-08-01 09:24:20','2025-08-01 09:24:20'),
    (164,'États Fédérés de Micronésie','FM','FSM','2025-08-01 09:24:20','2025-08-01 09:24:20'),
    (165,'Îles Marshall','MH','MHL','2025-08-01 09:24:20','2025-08-01 09:24:20'),
    (166,'Palaos','PW','PLW','2025-08-01 09:24:20','2025-08-01 09:24:20'),
    (167,'Pakistan','PK','PAK','2025-08-01 09:24:20','2025-08-01 09:24:20'),
    (168,'Panama','PA','PAN','2025-08-01 09:24:20','2025-08-01 09:24:20'),
    (169,'Papouasie-Nouvelle-Guinée','PG','PNG','2025-08-01 09:24:20','2025-08-01 09:24:20'),
    (170,'Paraguay','PY','PRY','2025-08-01 09:24:20','2025-08-01 09:24:20'),
    (171,'Pérou','PE','PER','2025-08-01 09:24:20','2025-08-01 09:24:20'),
    (172,'Philippines','PH','PHL','2025-08-01 09:24:20','2025-08-01 09:24:20'),
    (173,'Pitcairn','PN','PCN','2025-08-01 09:24:20','2025-08-01 09:24:20'),
    (174,'Pologne','PL','POL','2025-08-01 09:24:20','2025-08-01 09:24:20'),
    (175,'Portugal','PT','PRT','2025-08-01 09:24:20','2025-08-01 09:24:20'),
    (176,'Guinée-Bissau','GW','GNB','2025-08-01 09:24:20','2025-08-01 09:24:20'),
    (177,'Timor-Leste','TL','TLS','2025-08-01 09:24:20','2025-08-01 09:24:20'),
    (178,'Porto Rico','PR','PRI','2025-08-01 09:24:20','2025-08-01 09:24:20'),
    (179,'Qatar','QA','QAT','2025-08-01 09:24:20','2025-08-01 09:24:20'),
    (180,'Réunion','RE','REU','2025-08-01 09:24:20','2025-08-01 09:24:20'),
    (181,'Roumanie','RO','ROU','2025-08-01 09:24:20','2025-08-01 09:24:20'),
    (182,'Fédération de Russie','RU','RUS','2025-08-01 09:24:20','2025-08-01 09:24:20'),
    (183,'Rwanda','RW','RWA','2025-08-01 09:24:20','2025-08-01 09:24:20'),
    (184,'Sainte-Hélène','SH','SHN','2025-08-01 09:24:20','2025-08-01 09:24:20'),
    (185,'Saint-Kitts-et-Nevis','KN','KNA','2025-08-01 09:24:20','2025-08-01 09:24:20'),
    (186,'Anguilla','AI','AIA','2025-08-01 09:24:20','2025-08-01 09:24:20'),
    (187,'Sainte-Lucie','LC','LCA','2025-08-01 09:24:20','2025-08-01 09:24:20'),
    (188,'Saint-Pierre-et-Miquelon','PM','SPM','2025-08-01 09:24:20','2025-08-01 09:24:20'),
    (189,'Saint-Vincent-et-les Grenadines','VC','VCT','2025-08-01 09:24:20','2025-08-01 09:24:20'),
    (190,'Saint-Marin','SM','SMR','2025-08-01 09:24:20','2025-08-01 09:24:20'),
    (191,'Sao Tomé-et-Principe','ST','STP','2025-08-01 09:24:20','2025-08-01 09:24:20'),
    (192,'Arabie Saoudite','SA','SAU','2025-08-01 09:24:20','2025-08-01 09:24:20'),
    (193,'Sénégal','SN','SEN','2025-08-01 09:24:20','2025-08-01 09:24:20'),
    (194,'Seychelles','SC','SYC','2025-08-01 09:24:20','2025-08-01 09:24:20'),
    (195,'Sierra Leone','SL','SLE','2025-08-01 09:24:20','2025-08-01 09:24:20'),
    (196,'Singapour','SG','SGP','2025-08-01 09:24:20','2025-08-01 09:24:20'),
    (197,'Slovaquie','SK','SVK','2025-08-01 09:24:20','2025-08-01 09:24:20'),
    (198,'Viet Nam','VN','VNM','2025-08-01 09:24:20','2025-08-01 09:24:20'),
    (199,'Slovénie','SI','SVN','2025-08-01 09:24:20','2025-08-01 09:24:20'),
    (200,'Somalie','SO','SOM','2025-08-01 09:24:20','2025-08-01 09:24:20'),
    (201,'Afrique du Sud','ZA','ZAF','2025-08-01 09:24:20','2025-08-01 09:24:20'),
    (202,'Zimbabwe','ZW','ZWE','2025-08-01 09:24:20','2025-08-01 09:24:20'),
    (203,'Espagne','ES','ESP','2025-08-01 09:24:20','2025-08-01 09:24:20'),
    (204,'Sahara Occidental','EH','ESH','2025-08-01 09:24:20','2025-08-01 09:24:20'),
    (205,'Soudan','SD','SDN','2025-08-01 09:24:20','2025-08-01 09:24:20'),
    (206,'Suriname','SR','SUR','2025-08-01 09:24:20','2025-08-01 09:24:20'),
    (207,'Svalbard etÎle Jan Mayen','SJ','SJM','2025-08-01 09:24:20','2025-08-01 09:24:20'),
    (208,'Swaziland','SZ','SWZ','2025-08-01 09:24:20','2025-08-01 09:24:20'),
    (209,'Suède','SE','SWE','2025-08-01 09:24:20','2025-08-01 09:24:20'),
    (210,'Suisse','CH','CHE','2025-08-01 09:24:20','2025-08-01 09:24:20'),
    (211,'République Arabe Syrienne','SY','SYR','2025-08-01 09:24:20','2025-08-01 09:24:20'),
    (212,'Tadjikistan','TJ','TJK','2025-08-01 09:24:20','2025-08-01 09:24:20'),
    (213,'Thaïlande','TH','THA','2025-08-01 09:24:20','2025-08-01 09:24:20'),
    (214,'Togo','TG','TGO','2025-08-01 09:24:20','2025-08-01 09:24:20'),
    (215,'Tokelau','TK','TKL','2025-08-01 09:24:20','2025-08-01 09:24:20'),
    (216,'Tonga','TO','TON','2025-08-01 09:24:20','2025-08-01 09:24:20'),
    (217,'Trinité-et-Tobago','TT','TTO','2025-08-01 09:24:20','2025-08-01 09:24:20'),
    (218,'Émirats Arabes Unis','AE','ARE','2025-08-01 09:24:20','2025-08-01 09:24:20'),
    (219,'Tunisie','TN','TUN','2025-08-01 09:24:20','2025-08-01 09:24:20'),
    (220,'Turquie','TR','TUR','2025-08-01 09:24:20','2025-08-01 09:24:20'),
    (221,'Turkménistan','TM','TKM','2025-08-01 09:24:20','2025-08-01 09:24:20'),
    (222,'Îles Turks et Caïques','TC','TCA','2025-08-01 09:24:20','2025-08-01 09:24:20'),
    (223,'Tuvalu','TV','TUV','2025-08-01 09:24:20','2025-08-01 09:24:20'),
    (224,'Ouganda','UG','UGA','2025-08-01 09:24:20','2025-08-01 09:24:20'),
    (225,'Ukraine','UA','UKR','2025-08-01 09:24:20','2025-08-01 09:24:20'),
    (226,'L''ex-République Yougoslave de Macédoine','MK','MKD','2025-08-01 09:24:20','2025-08-01 09:24:20'),
    (227,'Égypte','EG','EGY','2025-08-01 09:24:20','2025-08-01 09:24:20'),
    (228,'Royaume-Uni','GB','GBR','2025-08-01 09:24:20','2025-08-01 09:24:20'),
    (229,'Île de Man','IM','IMN','2025-08-01 09:24:20','2025-08-01 09:24:20'),
    (230,'République-Unie de Tanzanie','TZ','TZA','2025-08-01 09:24:20','2025-08-01 09:24:20'),
    (231,'États-Unis','US','USA','2025-08-01 09:24:20','2025-08-01 09:24:20'),
    (232,'Îles Vierges des États-Unis','VI','VIR','2025-08-01 09:24:20','2025-08-01 09:24:20'),
    (233,'Burkina Faso','BF','BFA','2025-08-01 09:24:20','2025-08-01 09:24:20'),
    (234,'Uruguay','UY','URY','2025-08-01 09:24:20','2025-08-01 09:24:20'),
    (235,'Ouzbékistan','UZ','UZB','2025-08-01 09:24:20','2025-08-01 09:24:20'),
    (236,'Venezuela','VE','VEN','2025-08-01 09:24:20','2025-08-01 09:24:20'),
    (237,'Wallis et Futuna','WF','WLF','2025-08-01 09:24:20','2025-08-01 09:24:20'),
    (238,'Samoa','WS','WSM','2025-08-01 09:24:20','2025-08-01 09:24:20'),
    (239,'Yémen','YE','YEM','2025-08-01 09:24:20','2025-08-01 09:24:20'),
    (240,'Serbie-et-Monténégro','CS','SCG','2025-08-01 09:24:20','2025-08-01 09:24:20'),
    (241,'Zambie','ZM','ZMB','2025-08-01 09:24:20','2025-08-01 09:24:20');

    INSERT INTO "NumeroPays" (id, pays_code, numero, description, is_active, created_at, updated_at, "PaysId") VALUES
    (9,'FR','+33','France',1,'2025-08-01 09:53:03','2025-08-01 09:53:03',73),
    (10,'DE','+49','Allemagne',1,'2025-08-01 09:53:03','2025-08-01 09:53:03',2),
    (11,'GB','+44','Royaume-Uni',1,'2025-08-01 09:53:03','2025-08-01 09:53:03',3),
    (12,'ES','+34','Espagne',1,'2025-08-01 09:53:03','2025-08-01 09:53:03',4),
    (13,'IT','+39','Italie',1,'2025-08-01 09:53:03','2025-08-01 09:53:03',5),
    (14,'BE','+32','Belgique',1,'2025-08-01 09:53:03','2025-08-01 09:53:03',6),
    (15,'US','+1','États-Unis',1,'2025-08-01 09:53:03','2025-08-01 09:53:03',231),
    (16,'JP','+81','Japon',1,'2025-08-01 09:53:03','2025-08-01 09:53:03',115);

    INSERT INTO "Roles" (Id, Name, Description, CreatedAt, UpdatedAt) VALUES
    (1,'admin','Employé StartingBloch - Administrateur avec accès complet et gestion des utilisateurs','2025-08-19 14:54:02.6341806','2025-08-19 14:54:02.6341808'),
    (2,'user','Employé StartingBloch - Utilisateur standard avec droits configurables','2025-08-19 14:54:02.6341811','2025-08-19 14:54:02.6341811'),
    (3,'client','Client StartingBloch - Accès restreint à ses propres brevets uniquement','2025-08-19 14:54:02.6341812','2025-08-19 14:54:02.6341813');

    INSERT INTO "Users" (id, username, email, password, role, canWrite, canRead, isActive, isBlocked, nom, prenom, lastLogin, createdAt, updatedAt, clientId) VALUES
    (5,'admin','admin@startingbloch.com','$2a$10$TeRlf8LNCuodDVHswiDoOOoJgADXvjUvIBF2zPaN4NPm9HvdEGkYG','Admin',1,1,1,0,'Admin','System','2025-08-19 12:51:48.4281072','2025-08-01 13:38:00','2025-08-01 13:38:00',NULL),
    (11,'clementmozin@gmail.com','clementmozin@gmail.com','$2a$11$w8yQmHXcyEtKSn7h0534JuWXuttLsD/9g6zAEbVdoDZUgX0n7M0ti','client',1,1,1,0,NULL,NULL,'2025-08-19 09:50:28.3463254','2025-08-08 08:54:48.0750132','2025-08-08 08:54:48.0750134',13),
    (12,'manager@startingbloch.com','manager@startingbloch.com','$2a$11$V4vW.4sO/ey32ak0NQ1apuZnH/QUVl6NgKbRHd5DUfcvRL3TwFify','user',1,1,1,0,NULL,NULL,'2025-08-19 15:03:07.207852','2025-08-19 10:32:34.8774953','2025-08-19 10:32:34.8774953',NULL),
    (13,'client1','client1@aryballe.com','$2a$11$8XUz9OVp7DMFUwp.GHslDOzCDox09LeFmRQ6Te3e7p9w3Wg73N00i','client',0,1,1,0,NULL,NULL,NULL,'2025-08-19 12:49:49.2965755','2025-08-19 12:49:49.2965756',14),
    (14,'reader','reader@startingbloch.com','$2a$11$WnHoHFHMoQGtK9ngcF0AL.crKrEh6HGU/9iRAYdP5y3JF3OQURxJu','user',0,1,1,0,NULL,NULL,NULL,'2025-08-19 12:49:49.6891401','2025-08-19 12:49:49.6891401',NULL);

    INSERT INTO "UserRoles" (Id, UserId, RoleId, ClientId, CreatedAt, UpdatedAt) VALUES
    (1,11,3,13,'2025-08-08 08:54:48.2964884','2025-08-08 08:54:48.2964885'),
    (2,12,2,NULL,'2025-08-19 10:32:34.9964968','2025-08-19 10:32:34.996497'),
    (3,13,3,14,'2025-08-19 12:49:49.673906','2025-08-19 12:49:49.6739064'),
    (4,14,2,NULL,'2025-08-19 12:49:49.8061683','2025-08-19 12:49:49.8061683');

    INSERT INTO "Contacts" (id, nom, prenom, email, telephone, role, id_cabinet, id_client, createdAt, updatedAt, emails_json, phones_json, roles_json) VALUES
    (89,'Laurent','Sophie','sophie.laurent@globaltech-innovation.com','+33 1 55 43 21 88','Directrice Juridique',NULL,NULL,'2025-08-05 09:30:08.4638457','2025-08-05 09:30:08.4638645','["sophie.laurent@globaltech-innovation.com"]','["+33 1 55 43 21 88"]','["Directrice Juridique"]'),
    (90,'Moreau','Alexandre','alexandre.moreau@globaltech-innovation.com','+33 1 55 43 21 89','Responsable PI',NULL,NULL,'2025-08-05 09:30:08.4638891','2025-08-05 09:30:08.4638891','["alexandre.moreau@globaltech-innovation.com"]','["+33 1 55 43 21 89"]','["Responsable PI"]'),
    (91,'Dupont','Émilie','emilie.dupont@globaltech-innovation.com','+33 1 55 43 21 90','CTO',NULL,NULL,'2025-08-05 09:30:08.4638932','2025-08-05 09:30:08.4638932','["emilie.dupont@globaltech-innovation.com"]','["+33 1 55 43 21 90"]','["CTO"]'),
    (92,'Lefebvre','Sylvie','sylvie.lefebvre@renouvip.fr','+33 1 42 97 45 01','Responsable Annuités',13,NULL,'2025-08-05 09:30:08.4752215','2025-08-05 09:30:08.475222','["sylvie.lefebvre@renouvip.fr"]','["+33 1 42 97 45 01"]','["Responsable Annuités"]'),
    (93,'Michel','Sylvie','sylvie.michel@renouvip.fr','+33 1 42 97 45 02','Assistant Annuités',13,NULL,'2025-08-05 09:30:08.4752508','2025-08-05 09:30:08.4752509','["sylvie.michel@renouvip.fr"]','["+33 1 42 97 45 02"]','["Assistant Annuités"]'),
    (94,'Thomas','Anne','anne.thomas@renouvip.fr','+33 1 42 97 45 03','Manager Renouvellements',13,NULL,'2025-08-05 09:30:08.4752551','2025-08-05 09:30:08.4752552','["anne.thomas@renouvip.fr"]','["+33 1 42 97 45 03"]','["Manager Renouvellements"]'),
    (95,'Simon','David','david.simon@renouvip.fr','+33 1 42 97 45 04','Chargé de Suivi',13,NULL,'2025-08-05 09:30:08.4752603','2025-08-05 09:30:08.4752604','["david.simon@renouvip.fr"]','["+33 1 42 97 45 04"]','["Chargé de Suivi"]'),
    (96,'Dubois','Sylvie','sylvie.dubois@epr.co.uk','+44 20 7219 3001','Responsable Annuités',14,NULL,'2025-08-05 09:30:08.4752774','2025-08-05 09:30:08.4752774','["sylvie.dubois@epr.co.uk"]','["+44 20 7219 3001"]','["Responsable Annuités"]'),
    (97,'Garcia','François','françois.garcia@epr.co.uk','+44 20 7219 3002','Assistant Annuités',14,NULL,'2025-08-05 09:30:08.47582','2025-08-05 09:30:08.4758201','["françois.garcia@epr.co.uk"]','["+44 20 7219 3002"]','["Assistant Annuités"]'),
    (98,'Vincent','François','françois.vincent@epr.co.uk','+44 20 7219 3003','Manager Renouvellements',14,NULL,'2025-08-05 09:30:08.4758372','2025-08-05 09:30:08.4758373','["françois.vincent@epr.co.uk"]','["+44 20 7219 3003"]','["Manager Renouvellements"]'),
    (99,'Richard','Céline','céline.richard@epr.co.uk','+44 20 7219 3004','Chargé de Suivi',14,NULL,'2025-08-05 09:30:08.4758431','2025-08-05 09:30:08.4758432','["céline.richard@epr.co.uk"]','["+44 20 7219 3004"]','["Chargé de Suivi"]'),
    (100,'Garcia','Julie','julie.garcia@lexip.fr','+33 1 44 32 18 01','Avocat Principal',15,NULL,'2025-08-05 09:30:08.4758513','2025-08-05 09:30:08.4758513','["julie.garcia@lexip.fr"]','["+33 1 44 32 18 01"]','["Avocat Principal"]'),
    (101,'Thomas','Marie','marie.thomas@lexip.fr','+33 1 44 32 18 02','Conseil en PI',15,NULL,'2025-08-05 09:30:08.4758548','2025-08-05 09:30:08.4758549','["marie.thomas@lexip.fr"]','["+33 1 44 32 18 02"]','["Conseil en PI"]'),
    (102,'Richard','Nicolas','nicolas.richard@lexip.fr','+33 1 44 32 18 03','Assistant Juridique',15,NULL,'2025-08-05 09:30:08.4758641','2025-08-05 09:30:08.4758641','["nicolas.richard@lexip.fr"]','["+33 1 44 32 18 03"]','["Assistant Juridique"]'),
    (103,'Martin','Nicolas','nicolas.martin@lexip.fr','+33 1 44 32 18 04','Mandataire Agréé',15,NULL,'2025-08-05 09:30:08.4758687','2025-08-05 09:30:08.4758687','["nicolas.martin@lexip.fr"]','["+33 1 44 32 18 04"]','["Mandataire Agréé"]'),
    (104,'Vincent','Valérie','valérie.vincent@muller-patents.de','+49 30 2062 2801','Avocat Principal',16,NULL,'2025-08-05 09:30:08.4758739','2025-08-05 09:30:08.475874','["valérie.vincent@muller-patents.de"]','["+49 30 2062 2801"]','["Avocat Principal"]'),
    (105,'Lefebvre','Isabelle','isabelle.lefebvre@muller-patents.de','+49 30 2062 2802','Conseil en PI',16,NULL,'2025-08-05 09:30:08.4758781','2025-08-05 09:30:08.4758781','["isabelle.lefebvre@muller-patents.de"]','["+49 30 2062 2802"]','["Conseil en PI"]'),
    (106,'Thomas','Marie','marie.thomas@muller-patents.de','+49 30 2062 2803','Assistant Juridique',16,NULL,'2025-08-05 09:30:08.4758818','2025-08-05 09:30:08.4758818','["marie.thomas@muller-patents.de"]','["+49 30 2062 2803"]','["Assistant Juridique"]'),
    (107,'Dubois','Anne','anne.dubois@muller-patents.de','+49 30 2062 2804','Mandataire Agréé',16,NULL,'2025-08-05 09:30:08.4758855','2025-08-05 09:30:08.4758856','["anne.dubois@muller-patents.de"]','["+49 30 2062 2804"]','["Mandataire Agréé"]'),
    (109,'Mozin','Clément',NULL,NULL,NULL,NULL,NULL,'2025-08-08 09:12:15.0922909','2025-08-08 13:58:10.3861748','["clementmozin@gmail.com","test@test.fr","clementmozin@gmail.com"]','["0621230263","0621230263"]','["DEV","CDA"]'),
    (110,'mozin','clement ',NULL,NULL,NULL,17,NULL,'2025-08-08 09:57:07.1728977','2025-08-08 09:57:07.1729114','["clementmozin@gmail.com"]','["0621230263"]','["DEV"]'),
    (111,'moz','clement',NULL,NULL,NULL,17,NULL,'2025-08-08 13:09:53.3915042','2025-08-08 13:09:53.3915159','["clementmozin@gmail.com"]','["0634323456"]','["TEST"]'),
    (112,'mozin','clement',NULL,NULL,NULL,NULL,13,'2025-08-08 13:16:21.2164863','2025-08-08 13:16:21.2164978','["clementmozin@gmail.com"]','["0734357532"]','["TEST"]'),
    (113,'mozin','clems',NULL,NULL,NULL,NULL,NULL,'2025-08-08 13:31:03.8947243','2025-08-18 09:36:03.9480381','["clementmozin@gmail.com"]','["0654456734"]','["TEST"]');

    INSERT INTO "Brevets" (id_brevet, reference_famille, titre, commentaire, createdAt, updatedAt) VALUES
    (56,'test','test','test','2025-08-19 15:03:58.8653459','2025-08-19 15:03:58.865346'),
    (57,'test2','test2',NULL,'2025-08-19 15:04:42.0538487','2025-08-19 15:04:42.0538488');

    INSERT INTO "BrevetClients" (id, id_brevet, id_client, createdAt) VALUES
    (177,56,13,'2025-08-19 15:03:58.8962697'),
    (178,57,13,'2025-08-19 15:04:42.0549241');
    INSERT INTO "BrevetInventeurs" (id, id_brevet, id_inventeur, createdAt) VALUES
    (448,56,441,'2025-08-19 15:03:58.9029041'),
    (449,57,441,'2025-08-19 15:04:42.0549992');
    INSERT INTO "BrevetDeposants" (id, id_brevet, id_deposant, createdAt) VALUES
    (266,56,267,'2025-08-19 15:03:58.9082761'),
    (267,57,267,'2025-08-19 15:04:42.0550404');
    INSERT INTO "BrevetTitulaires" (id, id_brevet, id_titulaire, createdAt) VALUES
    (266,56,261,'2025-08-19 15:03:58.9139621'),
    (267,57,261,'2025-08-19 15:04:42.0550755');

    INSERT INTO "InformationsDepot" (id, id_brevet, id_pays, id_statuts, numero_depot, numero_publication, numero_delivrance, date_depot, date_publication, date_delivrance, licence, commentaire, createdAt, updatedAt) VALUES
    (433,56,1,1,'test','test','test','2025-08-19 15:03:28.3','2025-08-19 15:03:29.9','2025-08-19 15:03:32',0,'','2025-08-19 15:03:58.9196028','2025-08-19 15:03:58.919603'),
    (434,57,2,3,'test2','test2','test2','2025-08-19 15:04:27','2025-08-19 15:04:25.8','2025-08-19 15:04:24.2',0,'','2025-08-19 15:04:42.0551108','2025-08-19 15:04:42.0551108');

    INSERT INTO "InventeurPays" (id, createdAt, id_brevet, id_inventeur, id_pays) VALUES
    (45,'2025-08-19 15:03:58.9777276',56,441,1),
    (46,'2025-08-19 15:04:42.0587627',57,441,2);
    INSERT INTO "DeposantPays" (id, createdAt, id_brevet, id_deposant, id_pays) VALUES
    (55,'2025-08-19 15:03:58.9894532',56,267,1),
    (56,'2025-08-19 15:04:42.0591175',57,267,2);
    INSERT INTO "TitulairePays" (id, createdAt, id_brevet, id_pays, id_titulaire) VALUES
    (33,'2025-08-19 15:03:59.0010252',56,1,261),
    (34,'2025-08-19 15:04:42.0594584',57,2,261);

    INSERT INTO "ClientCabinets" (Id, ClientId, CabinetId, Type, IsActive, CreatedAt, UpdatedAt) VALUES
    (10,13,18,NULL,1,'2025-08-19 09:50:47.0140126','2025-08-19 09:50:47.0140126');


    DO $$
    DECLARE rec RECORD;
    BEGIN
        FOR rec IN SELECT table_name, column_name
                FROM information_schema.columns
                WHERE table_schema='public'
                    AND column_default LIKE '%nextval%'
        LOOP
            EXECUTE format('SELECT setval(pg_get_serial_sequence(%L,%L), (SELECT COALESCE(MAX(%I),0) FROM %I)+1, false);', rec.table_name, rec.column_name, rec.column_name, rec.table_name);
        END LOOP;
    END $$;

    DO $$ BEGIN BEGIN ALTER TABLE "NumeroPays" ADD CONSTRAINT fk_numero_pays_pays FOREIGN KEY ("PaysId") REFERENCES "Pays"("id") ON DELETE SET NULL; EXCEPTION WHEN others THEN RAISE NOTICE 'fk_numero_pays_pays: %',SQLERRM; END; END $$;
    DO $$ BEGIN BEGIN ALTER TABLE "Users" ADD CONSTRAINT fk_users_client FOREIGN KEY ("clientId") REFERENCES "Clients"("id") ON DELETE SET NULL; EXCEPTION WHEN others THEN RAISE NOTICE 'fk_users_client: %',SQLERRM; END; END $$;
    DO $$ BEGIN BEGIN ALTER TABLE "UserRoles" ADD CONSTRAINT fk_userroles_user FOREIGN KEY ("UserId") REFERENCES "Users"("id") ON DELETE CASCADE; EXCEPTION WHEN others THEN RAISE NOTICE 'fk_userroles_user: %',SQLERRM; END; END $$;
    DO $$ BEGIN BEGIN ALTER TABLE "UserRoles" ADD CONSTRAINT fk_userroles_role FOREIGN KEY ("RoleId") REFERENCES "Roles"("Id") ON DELETE CASCADE; EXCEPTION WHEN others THEN RAISE NOTICE 'fk_userroles_role: %',SQLERRM; END; END $$;
    DO $$ BEGIN BEGIN ALTER TABLE "UserRoles" ADD CONSTRAINT fk_userroles_client FOREIGN KEY ("ClientId") REFERENCES "Clients"("id") ON DELETE CASCADE; EXCEPTION WHEN others THEN RAISE NOTICE 'fk_userroles_client: %',SQLERRM; END; END $$;
    DO $$ BEGIN BEGIN ALTER TABLE "Contacts" ADD CONSTRAINT fk_contacts_cabinet FOREIGN KEY ("id_cabinet") REFERENCES "Cabinets"("id") ON DELETE SET NULL; EXCEPTION WHEN others THEN RAISE NOTICE 'fk_contacts_cabinet: %',SQLERRM; END; END $$;
    DO $$ BEGIN BEGIN ALTER TABLE "Contacts" ADD CONSTRAINT fk_contacts_client FOREIGN KEY ("id_client") REFERENCES "Clients"("id") ON DELETE SET NULL; EXCEPTION WHEN others THEN RAISE NOTICE 'fk_contacts_client: %',SQLERRM; END; END $$;
    DO $$ BEGIN BEGIN ALTER TABLE "BrevetClients" ADD CONSTRAINT fk_brevetclients_brevet FOREIGN KEY ("id_brevet") REFERENCES "Brevets"("id_brevet") ON DELETE CASCADE; EXCEPTION WHEN others THEN RAISE NOTICE 'fk_brevetclients_brevet: %',SQLERRM; END; END $$;
    DO $$ BEGIN BEGIN ALTER TABLE "BrevetClients" ADD CONSTRAINT fk_brevetclients_client FOREIGN KEY ("id_client") REFERENCES "Clients"("id") ON DELETE CASCADE; EXCEPTION WHEN others THEN RAISE NOTICE 'fk_brevetclients_client: %',SQLERRM; END; END $$;
    DO $$ BEGIN BEGIN ALTER TABLE "BrevetInventeurs" ADD CONSTRAINT fk_brevetinventeurs_brevet FOREIGN KEY ("id_brevet") REFERENCES "Brevets"("id_brevet") ON DELETE CASCADE; EXCEPTION WHEN others THEN RAISE NOTICE 'fk_brevetinventeurs_brevet: %',SQLERRM; END; END $$;
    DO $$ BEGIN BEGIN ALTER TABLE "BrevetInventeurs" ADD CONSTRAINT fk_brevetinventeurs_inventeur FOREIGN KEY ("id_inventeur") REFERENCES "Inventeurs"("id") ON DELETE CASCADE; EXCEPTION WHEN others THEN RAISE NOTICE 'fk_brevetinventeurs_inventeur: %',SQLERRM; END; END $$;
    DO $$ BEGIN BEGIN ALTER TABLE "BrevetDeposants" ADD CONSTRAINT fk_brevetdeposants_brevet FOREIGN KEY ("id_brevet") REFERENCES "Brevets"("id_brevet") ON DELETE CASCADE; EXCEPTION WHEN others THEN RAISE NOTICE 'fk_brevetdeposants_brevet: %',SQLERRM; END; END $$;
    DO $$ BEGIN BEGIN ALTER TABLE "BrevetDeposants" ADD CONSTRAINT fk_brevetdeposants_deposant FOREIGN KEY ("id_deposant") REFERENCES "Deposants"("id") ON DELETE CASCADE; EXCEPTION WHEN others THEN RAISE NOTICE 'fk_brevetdeposants_deposant: %',SQLERRM; END; END $$;
    DO $$ BEGIN BEGIN ALTER TABLE "BrevetTitulaires" ADD CONSTRAINT fk_brevettitulaires_brevet FOREIGN KEY ("id_brevet") REFERENCES "Brevets"("id_brevet") ON DELETE CASCADE; EXCEPTION WHEN others THEN RAISE NOTICE 'fk_brevettitulaires_brevet: %',SQLERRM; END; END $$;
    DO $$ BEGIN BEGIN ALTER TABLE "BrevetTitulaires" ADD CONSTRAINT fk_brevettitulaires_titulaire FOREIGN KEY ("id_titulaire") REFERENCES "Titulaires"("id") ON DELETE CASCADE; EXCEPTION WHEN others THEN RAISE NOTICE 'fk_brevettitulaires_titulaire: %',SQLERRM; END; END $$;
    DO $$ BEGIN BEGIN ALTER TABLE "BrevetCabinets" ADD CONSTRAINT fk_brevetcabinets_brevet FOREIGN KEY ("id_brevet") REFERENCES "Brevets"("id_brevet") ON DELETE CASCADE; EXCEPTION WHEN others THEN RAISE NOTICE 'fk_brevetcabinets_brevet: %',SQLERRM; END; END $$;
    DO $$ BEGIN BEGIN ALTER TABLE "BrevetCabinets" ADD CONSTRAINT fk_brevetcabinets_cabinet FOREIGN KEY ("id_cabinet") REFERENCES "Cabinets"("id") ON DELETE CASCADE; EXCEPTION WHEN others THEN RAISE NOTICE 'fk_brevetcabinets_cabinet: %',SQLERRM; END; END $$;
    DO $$ BEGIN BEGIN ALTER TABLE "ClientCabinets" ADD CONSTRAINT fk_clientcabinets_client FOREIGN KEY ("ClientId") REFERENCES "Clients"("id") ON DELETE CASCADE; EXCEPTION WHEN others THEN RAISE NOTICE 'fk_clientcabinets_client: %',SQLERRM; END; END $$;
    DO $$ BEGIN BEGIN ALTER TABLE "ClientCabinets" ADD CONSTRAINT fk_clientcabinets_cabinet FOREIGN KEY ("CabinetId") REFERENCES "Cabinets"("id") ON DELETE CASCADE; EXCEPTION WHEN others THEN RAISE NOTICE 'fk_clientcabinets_cabinet: %',SQLERRM; END; END $$;
    DO $$ BEGIN BEGIN ALTER TABLE "InformationsDepot" ADD CONSTRAINT fk_informationsdepot_brevet FOREIGN KEY ("id_brevet") REFERENCES "Brevets"("id_brevet") ON DELETE CASCADE; EXCEPTION WHEN others THEN RAISE NOTICE 'fk_informationsdepot_brevet: %',SQLERRM; END; END $$;
    DO $$ BEGIN BEGIN ALTER TABLE "InformationsDepot" ADD CONSTRAINT fk_informationsdepot_pays FOREIGN KEY ("id_pays") REFERENCES "Pays"("id") ON DELETE SET NULL; EXCEPTION WHEN others THEN RAISE NOTICE 'fk_informationsdepot_pays: %',SQLERRM; END; END $$;
    DO $$ BEGIN BEGIN ALTER TABLE "InformationsDepot" ADD CONSTRAINT fk_informationsdepot_statuts FOREIGN KEY ("id_statuts") REFERENCES "Statuts"("id") ON DELETE SET NULL; EXCEPTION WHEN others THEN RAISE NOTICE 'fk_informationsdepot_statuts: %',SQLERRM; END; END $$;
    DO $$ BEGIN BEGIN ALTER TABLE "InventeurPays" ADD CONSTRAINT fk_inventeurpays_brevet FOREIGN KEY ("id_brevet") REFERENCES "Brevets"("id_brevet") ON DELETE SET NULL; EXCEPTION WHEN others THEN RAISE NOTICE 'fk_inventeurpays_brevet: %',SQLERRM; END; END $$;
    DO $$ BEGIN BEGIN ALTER TABLE "InventeurPays" ADD CONSTRAINT fk_inventeurpays_inventeur FOREIGN KEY ("id_inventeur") REFERENCES "Inventeurs"("id") ON DELETE CASCADE; EXCEPTION WHEN others THEN RAISE NOTICE 'fk_inventeurpays_inventeur: %',SQLERRM; END; END $$;
    DO $$ BEGIN BEGIN ALTER TABLE "InventeurPays" ADD CONSTRAINT fk_inventeurpays_pays FOREIGN KEY ("id_pays") REFERENCES "Pays"("id") ON DELETE CASCADE; EXCEPTION WHEN others THEN RAISE NOTICE 'fk_inventeurpays_pays: %',SQLERRM; END; END $$;
    DO $$ BEGIN BEGIN ALTER TABLE "DeposantPays" ADD CONSTRAINT fk_deposantpays_brevet FOREIGN KEY ("id_brevet") REFERENCES "Brevets"("id_brevet") ON DELETE SET NULL; EXCEPTION WHEN others THEN RAISE NOTICE 'fk_deposantpays_brevet: %',SQLERRM; END; END $$;
    DO $$ BEGIN BEGIN ALTER TABLE "DeposantPays" ADD CONSTRAINT fk_deposantpays_deposant FOREIGN KEY ("id_deposant") REFERENCES "Deposants"("id") ON DELETE CASCADE; EXCEPTION WHEN others THEN RAISE NOTICE 'fk_deposantpays_deposant: %',SQLERRM; END; END $$;
    DO $$ BEGIN BEGIN ALTER TABLE "DeposantPays" ADD CONSTRAINT fk_deposantpays_pays FOREIGN KEY ("id_pays") REFERENCES "Pays"("id") ON DELETE CASCADE; EXCEPTION WHEN others THEN RAISE NOTICE 'fk_deposantpays_pays: %',SQLERRM; END; END $$;
    DO $$ BEGIN BEGIN ALTER TABLE "TitulairePays" ADD CONSTRAINT fk_titulairespays_brevet FOREIGN KEY ("id_brevet") REFERENCES "Brevets"("id_brevet") ON DELETE SET NULL; EXCEPTION WHEN others THEN RAISE NOTICE 'fk_titulairespays_brevet: %',SQLERRM; END; END $$;
    DO $$ BEGIN BEGIN ALTER TABLE "TitulairePays" ADD CONSTRAINT fk_titulairespays_pays FOREIGN KEY ("id_pays") REFERENCES "Pays"("id") ON DELETE CASCADE; EXCEPTION WHEN others THEN RAISE NOTICE 'fk_titulairespays_pays: %',SQLERRM; END; END $$;
    DO $$ BEGIN BEGIN ALTER TABLE "TitulairePays" ADD CONSTRAINT fk_titulairespays_titulaire FOREIGN KEY ("id_titulaire") REFERENCES "Titulaires"("id") ON DELETE CASCADE; EXCEPTION WHEN others THEN RAISE NOTICE 'fk_titulairespays_titulaire: %',SQLERRM; END; END $$;
    DO $$ BEGIN BEGIN ALTER TABLE "InformationDepotCabinets" ADD CONSTRAINT fk_infodepotcabinets_infodepot FOREIGN KEY ("information_depot_id") REFERENCES "InformationsDepot"("id") ON DELETE CASCADE; EXCEPTION WHEN others THEN RAISE NOTICE 'fk_infodepotcabinets_infodepot: %',SQLERRM; END; END $$;
    DO $$ BEGIN BEGIN ALTER TABLE "InformationDepotCabinets" ADD CONSTRAINT fk_infodepotcabinets_cabinet FOREIGN KEY ("cabinet_id") REFERENCES "Cabinets"("id") ON DELETE CASCADE; EXCEPTION WHEN others THEN RAISE NOTICE 'fk_infodepotcabinets_cabinet: %',SQLERRM; END; END $$;
    DO $$ BEGIN BEGIN ALTER TABLE "InformationDepotCabinetRoles" ADD CONSTRAINT fk_infodepotcabroles_infodepotcab FOREIGN KEY ("information_depot_cabinet_id") REFERENCES "InformationDepotCabinets"("id") ON DELETE CASCADE; EXCEPTION WHEN others THEN RAISE NOTICE 'fk_infodepotcabroles_infodepotcab: %',SQLERRM; END; END $$;
    DO $$ BEGIN BEGIN ALTER TABLE "InformationDepotCabinetContacts" ADD CONSTRAINT fk_infodepotcabcontacts_infodepotcab FOREIGN KEY ("information_depot_cabinet_id") REFERENCES "InformationDepotCabinets"("id") ON DELETE CASCADE; EXCEPTION WHEN others THEN RAISE NOTICE 'fk_infodepotcabcontacts_infodepotcab: %',SQLERRM; END; END $$;
    DO $$ BEGIN BEGIN ALTER TABLE "InformationDepotCabinetContacts" ADD CONSTRAINT fk_infodepotcabcontacts_contact FOREIGN KEY ("contact_id") REFERENCES "Contacts"("id") ON DELETE CASCADE; EXCEPTION WHEN others THEN RAISE NOTICE 'fk_infodepotcabcontacts_contact: %',SQLERRM; END; END $$;

    CREATE UNIQUE INDEX "IX_Users_Email" ON "Users"("email");
    CREATE UNIQUE INDEX "IX_Users_Username" ON "Users"("username");
    CREATE INDEX "IX_Users_ClientId" ON "Users"("clientId");
    CREATE INDEX "IX_Clients_NomClient" ON "Clients"("nom_client");
    CREATE INDEX "IX_Brevets_ReferenceFamille" ON "Brevets"("reference_famille");
    CREATE UNIQUE INDEX "IX_Roles_Name" ON "Roles"("Name");
    CREATE UNIQUE INDEX "IX_UserRoles_Unique" ON "UserRoles"("UserId","RoleId","ClientId");
    CREATE INDEX "IX_UserRoles_ClientId" ON "UserRoles"("ClientId");
    CREATE INDEX "IX_UserRoles_RoleId" ON "UserRoles"("RoleId");
    CREATE UNIQUE INDEX "IX_BrevetClients_Unique" ON "BrevetClients"("id_brevet","id_client");
    CREATE UNIQUE INDEX "IX_BrevetInventeurs_Unique" ON "BrevetInventeurs"("id_brevet","id_inventeur");
    CREATE UNIQUE INDEX "IX_BrevetDeposants_Unique" ON "BrevetDeposants"("id_brevet","id_deposant");
    CREATE UNIQUE INDEX "IX_BrevetTitulaires_Unique" ON "BrevetTitulaires"("id_brevet","id_titulaire");
    CREATE UNIQUE INDEX "IX_ClientCabinets_Unique" ON "ClientCabinets"("ClientId","CabinetId");
    CREATE UNIQUE INDEX "IX_InfoDepotCab_Unique" ON "InformationDepotCabinets"("information_depot_id","cabinet_id","category");
    CREATE UNIQUE INDEX "IX_InfoDepotCabRole_Unique" ON "InformationDepotCabinetRoles"("information_depot_cabinet_id","role");
    CREATE UNIQUE INDEX "IX_InfoDepotCabContact_Unique" ON "InformationDepotCabinetContacts"("information_depot_cabinet_id","contact_id");
    CREATE INDEX "IX_Contacts_IdCabinet" ON "Contacts"("id_cabinet");
    CREATE INDEX "IX_Contacts_IdClient" ON "Contacts"("id_client");
    CREATE INDEX "IX_InformationsDepot_IdBrevet" ON "InformationsDepot"("id_brevet");
    CREATE INDEX "IX_InformationsDepot_IdPays" ON "InformationsDepot"("id_pays");
    CREATE INDEX "IX_InformationsDepot_IdStatuts" ON "InformationsDepot"("id_statuts");
    CREATE INDEX "IX_NumeroPays_PaysId" ON "NumeroPays"("PaysId");
    CREATE INDEX "IX_BrevetCabinets_IdBrevet" ON "BrevetCabinets"("id_brevet");
    CREATE INDEX "IX_BrevetCabinets_IdCabinet" ON "BrevetCabinets"("id_cabinet");
    CREATE INDEX "IX_DeposantPays_IdBrevet" ON "DeposantPays"("id_brevet");
    CREATE INDEX "IX_DeposantPays_IdDeposant" ON "DeposantPays"("id_deposant");
    CREATE INDEX "IX_DeposantPays_IdPays" ON "DeposantPays"("id_pays");
    CREATE INDEX "IX_InventeurPays_IdBrevet" ON "InventeurPays"("id_brevet");
    CREATE INDEX "IX_InventeurPays_IdInventeur" ON "InventeurPays"("id_inventeur");
    CREATE INDEX "IX_InventeurPays_IdPays" ON "InventeurPays"("id_pays");
    CREATE INDEX "IX_TitulairePays_IdBrevet" ON "TitulairePays"("id_brevet");
    CREATE INDEX "IX_TitulairePays_IdPays" ON "TitulairePays"("id_pays");
    CREATE INDEX "IX_TitulairePays_IdTitulaire" ON "TitulairePays"("id_titulaire");
    CREATE INDEX "IX_InformationDepotCabinets_CabinetId" ON "InformationDepotCabinets"("cabinet_id");
    
    SELECT 'Cabinets' AS t, COUNT(*) AS c FROM "Cabinets";
    SELECT 'Clients' AS t, COUNT(*) AS c FROM "Clients";
    SELECT 'Users' AS t, COUNT(*) AS c FROM "Users";
    SELECT 'Roles' AS t, COUNT(*) AS c FROM "Roles";
    SELECT 'Brevets' AS t, COUNT(*) AS c FROM "Brevets";
    SELECT 'InformationsDepot' AS t, COUNT(*) AS c FROM "InformationsDepot";
    SELECT 'Contacts' AS t, COUNT(*) AS c FROM "Contacts";
    SELECT 'Pays' AS t, COUNT(*) AS c FROM "Pays";


