﻿<?xml version="1.0" encoding="utf-8"?>
<deployment>
  <id>48182110-37fd-4301-87d8-576db4c182e0</id>
  <author>N/A</author>
  <deployer>Push-Deployer</deployer>
  <authorEmail>N/A</authorEmail>
  <message>Created via a push deployment</message>
  <progress></progress>
  <status>Success</status>
  <statusText></statusText>
  <lastSuccessEndTime>2025-08-24T23:22:51.0660178Z</lastSuccessEndTime>
  <receivedTime>2025-08-24T23:22:47.5196426Z</receivedTime>
  <startTime>2025-08-24T23:22:49.0683108Z</startTime>
  <endTime>2025-08-24T23:22:51.0660178Z</endTime>
  <complete>True</complete>
  <is_temp>False</is_temp>
  <is_readonly>True</is_readonly>
  <buildSummary />
</deployment>