<step title="Incoming Request" date="2025-08-24T14:26:32.534" instance="dc7a13" url="/api/publish?type=zip" method="POST" type="request" pid="825,1,15" Accept="*/*" Host="sb-backend.scm.azurewebsites.net" User-Agent="AZURECLI/2.76.0 (MSI)" Accept-Encoding="gzip, deflate" Authorization="Bea..." Cache-Control="no-cache" Content-Type="application/octet-stream" Cookie="ARRAffinity=dc7a138dfcb63bce17254cc4321cf14c9178fc6ae4c339b927686049d314ddf6; ARRAffinitySameSite=dc7a138dfcb63bce17254cc4321cf14c9178fc6ae4c339b927686049d314ddf6" Content-Length="29001913" x-ms-client-request-id="4d9f6037-80f6-11f0-8cdd-e40d3658d486" x-ms-artifact-checksum="a5789ca152e0e541a3ccf2cf10a56b9feff4b4ce8e7d2d58fe3a40540b29617a" X-ARR-LOG-ID="4d9f6037-80f6-11f0-8cdd-e40d3658d486" CLIENT-IP="88.164.68.31:28226" X-SITE-DEPLOYMENT-ID="sb-backend" WAS-DEFAULT-HOSTNAME="sb-backend.scm.azurewebsites.net" X-Forwarded-Proto="https" X-AppService-Proto="https" X-Forwarded-TlsVersion="1.3" X-WAWS-Unencoded-URL="/api/publish?type=zip" X-Client-IP="88.164.68.31" X-Client-Port="28226" >
  <step title="Cleanup Xml Logs" date="2025-08-24T14:26:32.545" /><!-- duration: 173ms -->
  <step title="OneDeploy" date="2025-08-24T14:26:33.715" >
    <step title="None repository commit" date="2025-08-24T14:26:33.948" >
      <step title="Commit id: b0bb7dc4-7261-4c34-9cbc-b0a8a015b03d" date="2025-08-24T14:26:33.974" Message="N/A" AuthorName="N/A" AuthorEmail="N/A" /><!-- duration: 20ms -->
    </step><!-- duration: 68ms -->
    <step title="Starting PushDeployAsync" date="2025-08-24T14:26:34.043" /><!-- duration: 18ms -->
    <step title="WEBSITE_RUN_FROM_PACKAGE is set to 1. Writing zip to SitePackagesPath" date="2025-08-24T14:26:34.080" /><!-- duration: 11ms -->
    <step title="Copying zip to SitePackages /home/data/SitePackages/20250824142633.zip from request body" date="2025-08-24T14:26:34.166" /><!-- duration: 30ms -->
    <step title="Writing multipart request body to /home/data/SitePackages/20250824142633.zip" date="2025-08-24T14:26:34.243" /><!-- duration: 28ms -->
    <step title="Attempting to fetch target branch HEAD" date="2025-08-24T14:26:38.690" /><!-- duration: 35ms -->
    <step title="Acquiring Deployment Lock" date="2025-08-24T14:26:38.737" /><!-- duration: 27ms -->
    <step title="Acquired Deployment Lock" date="2025-08-24T14:26:38.882" /><!-- duration: 11ms -->
    <step title="Performing fetch based deployment" date="2025-08-24T14:26:38.967" >
      <step title="Creating temporary deployment" date="2025-08-24T14:26:39.044" /><!-- duration: 206ms -->
      <step title="Releasing Deployment Lock" date="2025-08-24T14:26:40.913" /><!-- duration: 49ms -->
      <step title="None repository commit" date="2025-08-24T14:26:41.366" >
        <step title="Commit id: b0bb7dc4-7261-4c34-9cbc-b0a8a015b03d" date="2025-08-24T14:26:41.385" Message="OneDeploy" AuthorName="N/A" AuthorEmail="N/A" /><!-- duration: 19ms -->
      </step><!-- duration: 51ms -->
      <step title="Deployment timer started" date="2025-08-24T14:26:43.503" >
        <step title="DeploymentManager.Deploy(id:b0bb7dc4-7261-4c34-9cbc-b0a8a015b03d)" date="2025-08-24T14:26:43.541" >
          <step title="Collecting changeset information" date="2025-08-24T14:26:43.620" /><!-- duration: 406ms -->
          <step title="Updating submodules" date="2025-08-24T14:26:44.105" /><!-- duration: 2300ms -->
          <step title="Determining deployment builder" date="2025-08-24T14:26:48.592" >
            <step title="Builder is RunFromZipSiteBuilder" date="2025-08-24T14:26:48.707" /><!-- duration: 19ms -->
          </step><!-- duration: 212ms -->
          <step title="PreDeployment: context.CleanOutputPath False" date="2025-08-24T14:26:49.165" >
            <step title="PreDeployment: context.OutputPath /home/site/wwwroot" date="2025-08-24T14:26:49.847" >
              <step title="Building" date="2025-08-24T14:26:50.592" >
                <step title="Modified file to trigger a restart of the app container." date="2025-08-24T14:26:52.366" /><!-- duration: 41ms -->
                <step title="Skip function trigger and logicapp sync because function is not enabled." date="2025-08-24T14:26:52.524" /><!-- duration: 66ms -->
              </step><!-- duration: 5442ms -->
            </step><!-- duration: 6284ms -->
            <step title="Cleaning up temp files" date="2025-08-24T14:26:56.141" /><!-- duration: 21ms -->
            <step title="Cleaning up temp files" date="2025-08-24T14:26:56.182" /><!-- duration: 528ms -->
            <step title="Reloading status file with latest updates" date="2025-08-24T14:26:56.837" >
              <step title="WebHooksManager.PublishEventAsync: PostDeployment" date="2025-08-24T14:26:56.874" /><!-- duration: 579ms -->
            </step><!-- duration: 643ms -->
            <step title="Cleaning up temporary deployment - fetch deployment was successful" date="2025-08-24T14:26:57.510" /><!-- duration: 11ms -->
          </step><!-- duration: 8509ms -->
        </step><!-- duration: 14200ms -->
        <step title="Outgoing response" date="2025-08-24T14:26:57.827" type="response" statusCode="200" statusText="OK" /><!-- duration: 28ms -->
      </step><!-- duration: 14373ms -->
