<step title="Incoming Request" date="2025-08-24T23:22:37.792" instance="dc7a13" url="/api/zipdeploy?isAsync=true" method="POST" type="request" pid="823,1,17" Accept="*/*" Host="sb-backend.scm.azurewebsites.net" User-Agent="AZURECLI/2.76.0 (MSI)" Accept-Encoding="gzip, deflate" Authorization="Bea..." Cache-Control="no-cache" Content-Type="application/octet-stream" Cookie="ARRAffinity=dc7a138dfcb63bce17254cc4321cf14c9178fc6ae4c339b927686049d314ddf6; ARRAffinitySameSite=dc7a138dfcb63bce17254cc4321cf14c9178fc6ae4c339b927686049d314ddf6" Content-Length="30449982" x-ms-client-request-id="180403f8-8141-11f0-9451-e40d3658d486" x-ms-artifact-checksum="d51db412726a9317906cc2b452b9b06f5074fe227f79021e0faf77b9d8cab914" X-ARR-LOG-ID="180403f8-8141-11f0-9451-e40d3658d486" CLIENT-IP="88.164.68.31:25056" X-SITE-DEPLOYMENT-ID="sb-backend" WAS-DEFAULT-HOSTNAME="sb-backend.scm.azurewebsites.net" X-Forwarded-Proto="https" X-AppService-Proto="https" X-Forwarded-TlsVersion="1.3" X-WAWS-Unencoded-URL="/api/zipdeploy?isAsync=true" X-Client-IP="88.164.68.31" X-Client-Port="25056" >
  <step title="Cleanup Xml Logs" date="2025-08-24T23:22:37.831" /><!-- duration: 48ms -->
  <step title="ZipPushDeploy" date="2025-08-24T23:22:38.222" >
    <step title="ZipDeploy. Run from package." date="2025-08-24T23:22:38.259" /><!-- duration: 13ms -->
    <step title="None repository commit" date="2025-08-24T23:22:38.405" >
      <step title="Commit id: 48182110-37fd-4301-87d8-576db4c182e0" date="2025-08-24T23:22:38.424" Message="N/A" AuthorName="N/A" AuthorEmail="N/A" /><!-- duration: 10ms -->
    </step><!-- duration: 49ms -->
    <step title="Starting PushDeployAsync" date="2025-08-24T23:22:38.473" /><!-- duration: 17ms -->
    <step title="WEBSITE_RUN_FROM_PACKAGE is set to 1. Writing zip to SitePackagesPath" date="2025-08-24T23:22:38.551" /><!-- duration: 16ms -->
    <step title="Copying zip to SitePackages /home/data/SitePackages/20250824232238.zip from request body" date="2025-08-24T23:22:38.597" /><!-- duration: 21ms -->
    <step title="Writing multipart request body to /home/data/SitePackages/20250824232238.zip" date="2025-08-24T23:22:38.646" /><!-- duration: 57ms -->
    <step title="Deleting outdated zip file /home/data/SitePackages/20250822085518.zip" date="2025-08-24T23:22:41.990" /><!-- duration: 37ms -->
    <step title="Start deployment in the background" date="2025-08-24T23:22:42.157" >
      <step title="Acquiring Deployment Lock" date="2025-08-24T23:22:42.284" /><!-- duration: 47ms -->
      <step title="Acquired Deployment Lock" date="2025-08-24T23:22:42.462" /><!-- duration: 18ms -->
    </step><!-- duration: 694ms -->
  </step><!-- duration: 4659ms -->
  <step title="Outgoing response" date="2025-08-24T23:22:42.937" type="response" statusCode="202" statusText="Accepted" /><!-- duration: 10ms -->
</step><!-- duration: 5183ms -->
