<step title="BackgroundTrace" date="2025-08-24T20:57:59.387" instance="dc7a13" url="/api/zipdeploy" method="POST" >
  <step title="Creating temporary deployment - FetchDeploymentManager" date="2025-08-24T20:57:59.493" /><!-- duration: 5ms -->
  <step title="Creating temporary deployment" date="2025-08-24T20:57:59.504" /><!-- duration: 132ms -->
  <step title="Performing fetch based deployment" date="2025-08-24T20:57:59.733" >
    <step title="Deployment timer started" date="2025-08-24T20:58:03.057" >
      <step title="DeploymentManager.Deploy(id:be51697a-0510-4413-a023-a48e527d4a83)" date="2025-08-24T20:58:03.132" >
        <step title="Collecting changeset information" date="2025-08-24T20:58:03.260" /><!-- duration: 266ms -->
        <step title="Updating submodules" date="2025-08-24T20:58:03.567" /><!-- duration: 1273ms -->
        <step title="Determining deployment builder" date="2025-08-24T20:58:05.247" >
          <step title="Builder is RunFromZipSiteBuilder" date="2025-08-24T20:58:05.271" /><!-- duration: 6ms -->
        </step><!-- duration: 36ms -->
        <step title="PreDeployment: context.CleanOutputPath False" date="2025-08-24T20:58:05.365" >
          <step title="PreDeployment: context.OutputPath /home/site/wwwroot" date="2025-08-24T20:58:05.553" >
            <step title="Building" date="2025-08-24T20:58:05.772" >
              <step title="Triggering recycle (preview mode disabled)." date="2025-08-24T20:58:06.634" /><!-- duration: 13ms -->
              <step title="Modified file to trigger a restart of the app container." date="2025-08-24T20:58:06.710" /><!-- duration: 5ms -->
              <step title="Skip function trigger and logicapp sync because function is not enabled." date="2025-08-24T20:58:06.723" /><!-- duration: 20ms -->
            </step><!-- duration: 2393ms -->
          </step><!-- duration: 2630ms -->
          <step title="Cleaning up temp files" date="2025-08-24T20:58:08.188" /><!-- duration: 10ms -->
          <step title="Cleaning up temp files" date="2025-08-24T20:58:08.209" /><!-- duration: 529ms -->
          <step title="Reloading status file with latest updates" date="2025-08-24T20:58:08.799" >
            <step title="WebHooksManager.PublishEventAsync: PostDeployment" date="2025-08-24T20:58:08.805" /><!-- duration: 106ms -->
          </step><!-- duration: 118ms -->
          <step title="Cleaning up temporary deployment - fetch deployment was successful" date="2025-08-24T20:58:08.925" /><!-- duration: 4ms -->
        </step><!-- duration: 3655ms -->
      </step><!-- duration: 5920ms -->
