<step title="Incoming Request" date="2025-08-22T08:41:11.799" instance="dc7a13" url="/api/zipdeploy?isAsync=true" method="POST" type="request" pid="823,1,16" Accept="*/*" Host="sb-backend.scm.azurewebsites.net" User-Agent="AZURECLI/2.76.0 (MSI)" Accept-Encoding="gzip, deflate" Authorization="Bea..." Cache-Control="no-cache" Content-Type="application/octet-stream" Cookie="ARRAffinity=dc7a138dfcb63bce17254cc4321cf14c9178fc6ae4c339b927686049d314ddf6; ARRAffinitySameSite=dc7a138dfcb63bce17254cc4321cf14c9178fc6ae4c339b927686049d314ddf6" Content-Length="29001913" x-ms-client-request-id="bb31e9a3-7f33-11f0-b02c-e40d3658d486" x-ms-artifact-checksum="a5789ca152e0e541a3ccf2cf10a56b9feff4b4ce8e7d2d58fe3a40540b29617a" X-ARR-LOG-ID="bb31e9a3-7f33-11f0-b02c-e40d3658d486" CLIENT-IP="88.164.68.31:24456" X-SITE-DEPLOYMENT-ID="sb-backend" WAS-DEFAULT-HOSTNAME="sb-backend.scm.azurewebsites.net" X-Forwarded-Proto="https" X-AppService-Proto="https" X-Forwarded-TlsVersion="1.3" X-WAWS-Unencoded-URL="/api/zipdeploy?isAsync=true" X-Client-IP="88.164.68.31" X-Client-Port="24456" >
  <step title="Cleanup Xml Logs" date="2025-08-22T08:41:11.810" /><!-- duration: 78ms -->
  <step title="ZipPushDeploy" date="2025-08-22T08:41:12.069" >
    <step title="ZipDeploy. Extract zip." date="2025-08-22T08:41:12.218" /><!-- duration: 19ms -->
    <step title="Starting PushDeployAsync" date="2025-08-22T08:41:12.288" /><!-- duration: 30ms -->
    <step title="Writing artifact to /tmp/zipdeploy/e3bfc9d4-013f-4ed0-9d9c-258fb1eb44dd.zip" date="2025-08-22T08:41:12.402" >
      <step title="Writing multipart request body to /tmp/zipdeploy/e3bfc9d4-013f-4ed0-9d9c-258fb1eb44dd.zip" date="2025-08-22T08:41:12.420" /><!-- duration: 41ms -->
    </step><!-- duration: 5369ms -->
    <step title="Start deployment in the background" date="2025-08-22T08:41:17.965" >
      <step title="Acquiring Deployment Lock" date="2025-08-22T08:41:18.103" /><!-- duration: 29ms -->
      <step title="Acquired Deployment Lock" date="2025-08-22T08:41:18.259" /><!-- duration: 41ms -->
    </step><!-- duration: 796ms -->
  </step><!-- duration: 6712ms -->
  <step title="Outgoing response" date="2025-08-22T08:41:18.802" type="response" statusCode="202" statusText="Accepted" /><!-- duration: 95ms -->
</step><!-- duration: 7158ms -->
